X1,X2,X3,W,Y
35.3,66,5,1,58.17
50.3,107.1,3,1,52.79
46.6,83.3,4,0,49.23
54.5,74.5,4,1,56.82
43.2,72.7,5,1,42.91
48.4,77.4,5,1,56.87
48.7,93.2,4,0,58.1
35.8,65.3,2,1,45.22
55.5,35.3,3,0,44.03
40.9,50.9,3,0,41.61
60.3,66.2,5,1,44.64
47.6,78.4,3,0,50.16
51.2,88.5,5,0,59.39
32.7,66.8,5,1,53.2
44.1,48,5,1,48.13
46.5,58.6,5,0,44.61
60.9,80.7,5,0,56.04
38.3,71.1,3,0,46.47
56.6,75.2,5,0,47.36
50,73.4,3,1,55.06
62.8,60.8,1,0,47.79
44.7,63.3,4,1,52.06
50.3,84.8,4,0,62.22
66.3,63.3,4,1,65.25
42.1,58,4,0,51.43
27.8,76,2,1,55.62
46.3,72.3,3,0,59.02
52.8,66.9,1,0,54.18
46.2,74.7,5,0,51.41
39.7,71.8,5,0,49.64
63.2,77.2,3,1,57.46
48.7,74.3,2,0,55.25
55.4,76.1,4,1,51.16
47.6,67.6,5,1,54.2
40.2,54.6,4,0,48.06
37.8,73.5,3,0,56.76
53.5,83.6,4,0,51.37
65.7,57,4,1,52.04
56.4,78.6,3,0,48.33
55.3,79.8,4,0,52.11
46.3,45.5,4,1,50.82
58.7,44.2,1,1,58.81
25.4,71.7,3,1,54.44
69.6,54.6,5,0,54.81
42.8,73.9,3,1,49.85
37.6,96.3,1,1,58.46
55.4,54.2,5,1,51.51
56.5,59,5,0,52.24
47.4,83.2,4,0,50.94
54,63.2,3,0,51.69
59,72.7,3,1,53.36
56.2,61.7,3,0,49.97
49,78.1,4,1,59.79
59.3,68.8,3,1,50.16
54.4,84.2,3,1,49.49
38.8,89.7,4,0,49.48
52.4,102.5,3,1,70.24
42.9,38.4,3,0,42.84
45.2,61.2,4,1,48.01
60.6,61.2,3,0,49.94
53.5,75.2,4,0,54.5
50.3,82.7,2,1,58.93
38,78.6,4,1,52.29
36.9,64,3,0,48.74
49.7,69,5,0,50.98
45.3,101,2,1,62.99
49,53.8,4,0,52.13
48.3,87.3,5,0,59.06
66.2,86.6,4,0,63.58
47.9,39.1,5,0,37.2
46.1,65.2,3,0,41.19
28.7,42.6,4,0,44.61
38.3,62.8,4,1,50.93
52.8,44.4,3,1,45.75
55.6,83.3,3,1,49.61
69.6,71,4,0,56.83
54.5,85.5,3,0,54.11
45.1,95.1,3,1,60.42
50.1,91.4,3,1,64.64
60,62.2,5,0,48.61
62.1,84,5,1,64.6
51.2,72.9,4,1,55.45
48.8,64,4,1,56.44
51.5,65.3,5,1,51.18
41.1,89.8,5,1,51.86
59.5,71.9,2,0,48.99
50,37.8,3,0,38.08
42.7,61.6,3,0,45.52
46.5,57.3,5,0,43.3
48.8,59.1,3,1,62.18
47.2,45.1,5,1,43.43
58.9,83.8,5,1,65.95
44.9,65.9,3,1,48.95
47.2,47.1,4,0,44.44
40,60.6,4,1,45.23
46.3,84.3,4,0,55.6
63,68.3,4,1,61.56
42.1,75.8,2,0,57.44
34,62.1,5,0,47.75
42.8,88.5,2,1,50.62
70.1,77.4,5,1,63.09
39.1,49.6,4,0,45.09
40.7,96.1,5,1,58.39
56.9,55.5,4,0,46.34
42.7,67.2,3,1,51.66
31.2,83.4,4,1,58.73
55.3,69,4,0,40.76
53.6,58.9,3,0,52.57
38,41.8,4,1,42.63
57.5,96.5,2,1,58.45
40.6,72.2,4,1,57.22
45.3,75.8,3,1,57.66
56.9,87.6,4,0,51.53
42.7,74.4,3,0,47.91
49.2,64.3,2,0,53.8
48.2,81.5,4,0,66.64
56.2,78,4,1,65.64
63.1,65.3,2,0,48.11
59,58.8,4,0,54.54
44.5,75.3,4,0,60.15
34.9,63.7,4,0,52.06
56.3,54.4,3,1,53.76
59.7,56.7,4,1,44.68
46.7,62.9,3,1,55.05
48,65.4,5,0,44.58
45.1,63.7,4,1,64.2
35.7,96.9,2,0,55.97
58.7,107.9,5,1,57.88
58.1,64.7,5,0,59.85
50.9,49.1,4,0,50.19
42.8,80.4,4,1,67.54
51.2,44.4,3,1,39.29
67.6,76.8,2,0,48.85
51.4,68.8,4,0,51.81
60.5,62.4,3,0,53.76
52.3,68.3,1,1,48.45
38.9,81.4,5,0,50.41
47.3,60.2,4,0,48.91
35.3,58,4,0,47.33
45.4,86.6,3,1,64.82
39,47.2,4,0,34
65.6,76.6,2,0,55.09
38.5,61.5,3,0,47.78
50.2,62.6,5,0,38.7
51.6,56.1,4,1,49.63
47,67.5,5,0,58.76
41.7,81,1,1,53.77
20.3,73,3,1,50.33
52.5,65.6,4,0,49.9
56.3,67.1,3,0,44.3
55.3,55,3,1,49.49
69.8,87.4,4,1,60.85
52.9,73.1,1,0,45.41
40.2,86.1,4,0,47.7
42.3,86.9,2,1,54.5
50,72.9,4,1,54.82
46,63.1,4,1,51.17
44.4,63,2,1,44.8
44.7,86.7,4,1,54.54
35.5,66.3,4,1,54.85
43.2,57.4,3,1,46.1
32.3,65.9,3,1,53.07
44.1,78.4,4,1,45.29
61.5,96.6,4,0,68.55
50,70.1,4,1,51.29
45.8,59.3,5,0,52.91
38.1,65.9,4,1,45.56
41.3,54.9,3,0,50.14
41.3,67.4,3,1,47.78
51.4,69.8,1,1,55.86
62.5,100.6,4,0,69.67
35.5,65.2,1,0,52.65
34.8,80.4,5,0,57.43
42.2,76.1,3,1,49.11
51.2,71.6,2,1,52.29
47.7,62,4,1,37.33
53.3,70.8,4,0,44.78
68,58.5,2,0,45.57
42.8,68.2,5,1,55.9
43.2,79.4,4,1,58.61
40.4,62.5,1,1,53.09
48.1,55.1,4,0,45.98
57.9,66.6,3,1,52.64
35.2,86.6,1,1,51.76
61.1,82.9,4,0,60.34
46.1,88.4,5,0,49.54
52.4,77.9,4,1,64.88
43.9,74.9,2,1,60.6
55.1,48.9,4,0,45.7
62.7,76.3,3,1,66.42
55.5,91,4,0,52.96
45.6,71,5,0,52.61
40.2,93.5,4,1,54.15
64.7,58.4,5,1,61.46
53.4,78.3,5,0,55.72
55.6,98.2,3,1,62.61
38,83.3,5,1,51.65
50.7,91.9,2,1,58.95
50.6,83.5,4,1,55.63
58.5,43.6,2,1,56.46
45.2,89.6,4,1,59.66
58,95.5,3,0,59.71
58.9,73.6,4,1,64.11
38.1,54.1,3,0,42.92
50,70,4,0,48.61
35.8,77.7,2,1,57.69
49.7,87.6,4,1,56.69
65.6,58.7,3,0,47.84
57.7,72.1,2,1,60.02
45.1,90.6,4,1,59.07
50.5,73.9,3,0,60.34
45.1,57,4,0,42.76
74.2,76.1,3,1,56.28
35,90.6,2,0,56.76
63.5,62.3,4,0,59.03
59.6,63.8,4,0,52.13
63.5,93.5,4,0,56.86
50.5,101.3,5,1,65.33
30.6,70.8,5,1,52.78
63.8,57.9,3,0,55.47
32.8,73,2,0,49.28
28,85.3,4,0,57.2
57.3,72.6,2,0,54.72
50.6,75.7,3,0,54.47
50.8,66.1,4,1,49.98
29.7,55.6,3,0,35.36
62.9,82.9,3,1,58.42
50.9,81.8,5,1,52.98
51,90,5,0,57.25
32.3,70.5,3,1,54.32
48.8,67.1,4,0,55.14
40.3,56.3,5,1,48.95
55.2,62,4,0,51.79
44.7,49.8,5,0,45.05
42.6,82.2,1,0,50.61
60.4,48.5,3,1,55.01
58.3,61.9,2,0,53.1
59.8,49.2,4,1,48.76
54.2,107,5,0,63.53
53.5,77,3,0,53.89
36,72.8,3,0,57.7
56.4,55.7,4,1,44.07
33.9,54.3,4,0,58.94
56.6,57.9,3,0,51.92
47.5,81.4,3,0,53.57
41.3,62,4,1,51.47
34.6,67.5,5,1,52.47
50.1,86.7,3,0,55.93
65.1,58.1,4,0,54.19
49.2,79.7,4,1,58.06
43.3,66.6,3,0,42.78
54.1,81.5,3,0,61.79
53.9,66.9,4,1,54.26
47.5,91.2,5,0,62.14
60.7,109.8,1,0,52.14
50.7,55.5,4,1,48.4
58.5,89.8,3,1,65.44
40.8,63.4,4,1,46.06
52.9,66.2,2,0,53.54
56.9,48.5,3,0,43.58
36.7,58.5,2,1,62.24
50.2,85.9,4,0,54.37
41.5,70.1,5,1,59.73
65.8,51.9,4,0,44.75
53.8,90.5,4,0,54.37
43.4,75,2,1,54.82
47.3,41.3,1,0,51.79
66.7,77,2,0,49.99
54.4,94.4,4,1,63.67
36.4,98.8,4,0,59.26
47.8,74.7,4,0,48.23
46.1,67.4,5,1,48.25
45.9,70.1,4,1,58.08
76.9,56.9,4,1,65.79
51.7,59.4,4,1,51.16
59.1,73.8,3,0,61.33
51.2,52.2,2,1,53.48
51.7,65.5,2,0,46.31
40.2,95.8,4,0,59.58
54.8,72.8,3,1,48.7
36.2,86.6,5,0,55.79
48.4,50.7,5,1,56.67
53.5,78.5,5,1,52.13
41.4,78.9,3,0,46.04
58,79.5,4,1,52.56
51.5,89,4,1,62.73
45.3,58.2,5,1,50.15
49.1,46.4,3,0,39.16
39.9,100.3,4,0,58.25
45.5,47.7,3,1,48.56
51.7,83.7,2,1,54.37
46.9,75.2,4,1,59.1
54.7,73.3,4,0,54.55
57.1,57.1,5,1,45.87
38.5,42.8,4,0,37.18
66.3,71.1,1,0,47.53
62.4,66.7,1,0,55.96
64.6,59.7,2,1,54.25
64.4,64.1,2,0,57.44
58,77.3,2,1,57.91
38.9,70.4,1,0,42.76
54.8,63.9,3,1,54.59
40.6,78,4,0,45.22
49.7,74.5,2,0,48.82
54.8,46.5,4,1,49.4
42.6,96.4,4,1,62.4
55.3,78.9,4,0,50.61
55.9,72.6,5,0,54.74
50.3,95.1,3,0,58.8
34.5,68.2,4,0,47.46
43.3,59.8,4,0,43.22
49.2,98.2,4,1,68.81
45,72.4,3,1,56.52
57.5,58.9,5,1,51.57
50.6,88.1,2,0,55.43
40.9,82,5,1,52.86
38.4,74.9,5,1,51.99
38.1,106.8,4,1,71.7
40.6,82.4,4,0,50.26
34.6,83.8,3,1,46.82
69.8,78.8,4,1,56.05
58.9,50.1,5,1,46.74
38.3,63.2,4,1,57.65
62,44.6,3,0,36.39
49.6,96.8,4,0,52.78
49.9,54.7,4,0,43.16
52.2,84.1,2,0,54.32
39,80.2,4,1,50.26
27.7,69.4,3,0,51.08
40,47.6,3,0,39.06
51.1,95.5,3,1,73.93
44.1,60.5,3,1,46.77
52.4,83.1,3,0,59.01
63.2,89.7,4,1,73.14
51.6,77.5,4,1,65.37
51.8,75,4,1,53.54
42.4,70.3,3,0,45.28
36.7,83.6,4,1,60.77
52.1,78.8,3,1,62.14
51.7,39,3,0,46.98
57.8,60.5,3,1,44.81
46.8,93,2,0,53.9
15,90.3,3,1,53.75
59.7,71.4,3,1,52.41
43.3,72.1,3,0,48.3
63.7,56.3,4,0,57.02
64.7,58.8,2,1,60.74
33.9,99.5,5,0,62.18
45.7,67.1,4,1,51.08
49.1,37.3,1,0,41.09
33.8,86.8,5,0,55.84
51,88.6,3,0,68.65
68.7,65.8,5,1,56.24
54.1,47.7,3,1,46.77
42.8,73.9,3,0,49.32
69.8,52.8,5,1,55.83
29.4,56.6,1,1,38.15
56,69.4,3,1,55.15
47.2,77.3,3,1,47.62
72.5,79.9,4,0,55.27
64,82,4,1,62.02
57,86.2,5,0,50.38
56.3,66.2,3,0,61.49
48.9,76.3,4,1,54.94
55.1,65.1,4,0,45.38
44.3,88,3,0,56.12
52.3,49.8,3,1,54.21
66.4,65.4,3,0,50.34
57.9,79.2,4,1,70.54
58.2,72,4,0,61.56
54,62,5,0,47.63
55.2,54.5,2,0,47.25
53.8,71.2,3,0,49.89
36.9,67.9,4,1,46.21
46.9,63.2,5,1,64.48
59.2,76.9,4,1,59.15
56.3,80.9,4,0,49.97
62.6,92.4,1,1,57
64,77.1,4,1,54.63
72.7,64.1,5,1,57.74
47.7,77.1,3,0,45.65
58.6,54.2,3,0,43.4
36.4,30.2,3,0,35.61
65.1,78.9,4,1,59.54
68.8,78.5,3,0,57.71
28.5,33.4,5,1,47.39
50.5,56.8,4,0,47.05
56.1,70.6,3,1,53.08
53.2,67.5,4,0,41.33
44.5,68.9,4,1,56.33
49.2,70.2,5,1,58.6
42.1,99.1,3,1,61.08
46.6,66.2,3,0,52.24
67.2,87.1,4,0,66.21
47,76.4,5,1,48.94
45.5,70.9,4,1,58.12
51.3,71.3,4,0,60.55
52.4,73.2,4,1,53.1
53.1,78.6,3,1,61.61
30.7,100.9,3,1,52.54
64.2,82.5,5,0,63.9
59.4,74.3,5,0,67.04
36.5,52.7,4,1,53.41
48.4,55.9,3,0,47.74
59.1,77.5,4,0,56.4
37.1,46.6,3,1,44.94
31.4,75.8,5,1,59.94
28.7,43.9,3,0,38.8
46,76.9,5,1,51.47
31.7,76,1,0,52.23
53.2,45,4,0,41.72
61.8,64,3,1,56.25
26.4,66.2,5,1,37.32
43.6,63.9,3,0,45.6
53.1,43.2,4,1,41.04
47.3,49,3,0,42.89
59.2,62.3,4,0,50.09
46.1,74.6,2,0,60.59
57.8,87.2,3,0,58.79
46.2,68.6,4,0,44.01
45,63.4,4,1,52.1
44.9,57.5,3,0,54.14
54.9,97.4,3,0,51.8
57.9,62.6,5,1,55.83
52.3,80.9,4,0,52.79
40.9,73.1,4,0,42.83
38.3,95.2,5,0,54.11
48.3,90.4,4,1,61.89
52.3,72,4,0,57.27
54.4,81.5,4,0,47.73
54.2,72.7,4,1,55.8
51.5,66.4,4,1,46.22
51,66.2,2,1,52.97
37.4,87.3,3,1,55.31
26.8,67,4,1,45.06
56.2,74.6,3,1,61.35
43.8,45.1,5,1,45.59
46.1,89.1,3,0,62.17
54.3,89.9,3,1,61.81
74.5,84.3,5,1,65.79
44.4,73.3,3,1,56.4
27.5,83.3,4,1,50.63
70.5,82.6,3,1,66.39
46.3,73.7,3,1,61.44
39.5,86,2,1,50.16
65.6,63.9,4,0,57.73
56.4,80.5,3,0,53.17
33.6,46.7,3,1,42.55
47.5,79.9,5,1,58.57
54.8,79.4,4,1,53.84
64.6,94.2,4,0,54.64
52.3,56,3,0,50.36
37.1,71,2,0,51.47
49.2,86,3,1,63.11
51.4,92.3,4,0,53.36
57.7,70.6,4,0,48.94
59.6,94.7,3,1,65.33
53,72.5,3,1,53
65.6,64.3,2,0,50.27
46.9,79.8,4,0,52.65
66,52.5,5,0,50.7
47.3,67.6,4,0,51.03
56.3,96.4,3,0,66.79
54,63.6,4,1,63.75
55.5,86.8,3,0,57.47
49.8,73.8,3,0,50.76
42.9,63.8,4,1,56.59
45,65.5,2,0,56.69
54.8,76.8,4,1,56.64
56,84.2,3,0,51.91
28.1,68.3,4,1,49.81
51.4,15.4,3,1,37.98
46.3,49.2,3,0,45.85
59.9,68.1,3,1,61.92
38.9,88,4,0,57.46
42.8,96.9,2,1,63.13
53.6,44.9,3,0,44.45
45.5,75.1,4,1,55.16
57.6,80.8,4,0,43.37
44.2,70,3,0,46.55
56.5,45.2,4,1,53.7
46.9,50.6,1,0,42.92
52.7,53.6,5,0,49.75
65.1,69.4,4,0,54.02
58.6,81.8,3,1,57.09
33.9,97.3,2,1,55.27
45.7,79,5,0,55.33
40.8,49.9,3,1,45.77
42.1,89,2,0,40.16
67.6,92.4,5,0,64.9
61.8,67.1,5,1,51.57
48.9,52.7,3,1,44.89
59.7,62.4,5,0,53.27
64.9,55,2,0,49.63
56.5,56.3,5,0,55.41
49.5,75.3,3,1,52.5
45,69.1,4,0,42.32
45.2,78.1,3,0,49.59
62.7,54.8,5,1,53.58
38.3,82.9,3,0,56.19
52.8,79.8,5,0,54.7
38.7,75.7,2,1,63.16
50.1,82.6,2,1,57.58
33.1,60.9,2,1,53.05
52.8,71.7,1,1,54.91
44.7,70.8,3,1,49.6
47.1,92.5,4,1,49.63
48.5,54.6,4,0,49.92
49.3,32.5,4,1,47.58
40,35.3,4,1,44.71
48.5,71.1,3,0,53.34
57.8,59.3,5,0,50.8
56.4,77.3,4,1,54
66.7,98.3,4,1,65.98
29.8,54.6,2,0,46.71
43.4,78.2,3,0,41.74
58.7,62.4,3,0,53.82
49.1,73.2,4,0,53.23
41.9,61.7,2,0,44.76
51.3,57.6,5,1,55.52
42.1,99.6,3,0,60.54
48.2,69.7,5,0,42.97
62.5,63.4,3,1,49.75
40,65.7,3,1,54.74
60.4,73,4,1,48.82
58,69.8,3,0,60.1
43.1,83.6,1,0,66.95
45.5,30.7,2,1,37.23
51.9,79.1,4,0,55.27
75.1,92.7,4,0,57.35
65.8,92.9,4,0,63.83
68,59.8,3,1,50.98
49.2,81.9,2,1,55.03
52,78.9,5,0,53.62
61,59.2,4,1,57.81
56.1,71.4,4,1,58.4
52.1,52,1,0,49.06
51.2,85.4,4,0,69.35
44.3,77.2,5,0,58.23
39.2,54.3,3,0,46.01
32,65.1,4,1,55.93
46.1,70.4,4,0,58.13
37.1,55.2,3,1,40.94
41.9,53.8,3,0,42.13
53.9,67.1,4,0,56.21
44.5,56.3,4,0,38.83
45.9,61.2,4,0,37.31
57.3,79.6,2,1,56.29
31.6,43.1,2,0,38.44
45.4,60.5,2,1,49.83
51.9,81.2,3,0,65.27
53.6,54.7,3,1,51.88
51.7,63.4,4,1,44.95
55.9,82.5,4,0,62.55
49.1,62.4,4,1,55.93
53,77.7,4,0,53.61
46.2,84.5,5,1,62.85
45.4,60.7,5,1,65.27
64.1,74.5,2,0,58.65
37.6,84.4,3,0,57.32
48.5,58.8,5,1,54.67
58.1,66,1,0,54.22
48.5,31.1,2,1,42.14
45,89.4,4,0,50.2
57.4,63.7,5,0,57.82
39,75.6,1,1,53.23
49.3,93.7,4,1,61.6
53.7,84.2,4,1,55.98
52,45.2,3,0,42.04
47.3,77.8,5,1,58.64
38.2,84.1,3,1,48.49
54.7,64.5,2,0,53.35
63.1,85.6,3,1,59.34
46.7,85.8,4,0,47.55
34.7,82.2,3,1,52.4
54.6,64,4,0,50.17
43.1,59.4,4,1,53.01
51.6,59.2,4,0,56.55
45,60.5,3,0,54.39
54.8,77.7,3,1,51.67
46.8,97.8,5,1,63.05
39.4,66.9,3,0,48.17
46.9,96.3,5,0,66.13
54.5,73.9,4,1,56.03
54,70.3,4,1,59.48
54.5,61.7,4,1,49.27
42.8,76.9,4,0,49.17
56.5,94.7,5,0,54.04
48.2,103.9,5,1,72.52
51.2,57.8,4,1,39.67
41,78.9,4,1,49.48
29.4,60.7,1,1,40.94
55.2,80.8,3,0,49.07
31.5,62.6,4,0,46.76
66.3,76.7,4,0,59.43
39.9,85.3,5,1,64.95
48.8,52.2,3,1,53.19
46.2,74.3,4,1,50.47
49.3,30.3,5,1,43.85
73.4,72,3,0,66.68
61.9,87,3,0,52.46
44.6,60.5,4,0,43.19
40.2,89.1,4,0,49.95
48.2,51,1,0,41.48
42.5,78.6,2,1,60.39
53.3,105.7,5,0,61.76
38.8,53.5,3,1,45.46
41.9,54.9,5,1,42.05
63,63.9,4,0,45.86
51,86.8,3,0,59.43
43.3,71.3,4,1,55.4
39.8,68.8,3,1,55.6
53.5,70.6,1,0,54.38
49.5,92.1,3,1,61.5
53.5,77.7,5,0,49.96
39.7,70.3,3,1,53.57
49.1,85.4,5,1,56.12
37.6,80.1,4,1,51.24
37.5,64.7,3,1,44.51
51.6,64.7,3,1,54.75
34.3,86.6,5,1,55.78
46,72.5,4,0,51.28
61.9,63.4,4,1,65.67
37.6,87.3,3,0,53.27
57.2,87.3,4,0,62.1
38.7,59.1,4,0,49.74
49.6,79.4,5,0,49.57
53.1,63.6,1,0,44.5
26.7,80.3,4,0,58.67
57.5,89,3,1,63.4
52,63.7,3,1,58.69
53,57.4,4,1,56.01
58,76.8,3,1,63.58
57.7,83.3,3,1,60.14
41.7,72.9,3,0,49.81
44.3,81.8,5,1,59
41.7,79,3,1,55.82
54.7,71.3,4,1,60.75
36.4,66.8,4,1,39.84
48.8,78.2,2,0,56.27
62.5,40.4,4,1,59.74
44.8,74,1,0,55.05
54.4,55.6,3,1,44.02
39.2,69.7,5,0,53.69
62.1,89.3,3,0,58.13
39.6,93,5,1,56.29
33.7,93.7,4,0,56.48
52.4,67.5,3,0,48.64
54.4,70,5,1,60.2
46.1,79.6,4,1,57.61
50.8,25.2,3,1,40.5
67.6,89.1,3,1,69.27
71.8,103.3,3,0,65.28
59.7,77.4,5,0,54.74
60.1,74.9,2,0,55.84
30.2,66.9,4,0,51.12
60.1,66.5,5,1,54.23
41.7,58.9,5,1,44.01
52.9,47.7,3,0,45.16
60.9,76.2,5,1,60.14
47.4,63.9,2,1,51.28
35.9,76.3,3,0,49.68
42.8,63.1,5,0,47.08
47.5,60,5,1,66.05
54.8,63.4,3,1,56.09
51.5,63.3,4,0,54.66
33,84.3,3,1,53.72
51,75.1,2,1,51.33
50.6,71.8,3,0,48.49
31.8,84.6,3,0,49.89
49.4,76.8,3,0,50.16
64.8,89,2,1,58.81
50.2,66.4,2,1,46.57
44.8,77.3,3,1,51.77
68,69.8,3,0,58.92
53.8,74.7,4,0,46.8
23.4,64.5,3,1,45.22
37.6,54.6,3,0,36.74
61.3,60.1,2,0,51.4
45.9,48.3,4,0,28.9
45.4,91,5,0,65.8
47.2,42.4,4,0,51.4
50,52.9,3,0,39.47
58,69.9,4,0,53.93
47.2,69.2,5,1,52.14
44,58.3,3,0,49.96
44.1,74.9,2,1,53.15
54.1,57,5,1,56.87
49.4,51.1,2,0,48.74
69.4,80.8,3,0,58.46
47,85.7,3,1,57.62
61.8,92.1,4,0,61.52
67.3,85.6,5,0,59.93
43.2,87,4,1,57.06
56.3,82.4,3,1,61.44
62.1,88.7,5,1,65.88
63.3,56.9,2,1,55.26
55,67,4,0,46.81
54.7,69.4,4,0,56.02
37.9,82.8,3,1,54.67
53.7,85.4,5,0,57.06
62.7,96.8,3,0,66.7
62.2,66.2,3,0,40.97
62.1,68.2,2,0,55.89
40.8,69.5,2,1,47.97
60.7,59.3,4,1,50.38
63.1,79.1,3,0,52.5
50,59.5,5,0,42.52
65.5,54.6,4,0,47.87
36.2,82.7,5,0,52.67
56.6,53.1,5,0,52.71
47.6,94.9,1,1,50.46
42.4,96.1,4,1,57.61
34.3,84.5,4,1,57.49
37.4,65.7,2,0,49.84
33,91,4,0,58.48
58.6,48.8,5,1,58.23
75.7,76.3,4,1,59.32
52.6,71.3,3,0,54.45
64.2,56.1,4,0,43.11
43.1,63.7,1,0,53.44
63.3,78.4,3,0,55.61
45.4,85.1,5,0,55.29
34.8,74.3,3,1,55.52
60.1,63.7,4,0,49.33
68.5,80.3,4,1,57.03
36.7,47.6,3,1,38.47
66.9,78.1,4,1,63.04
58.9,87,1,0,59.87
53.1,94.2,3,1,54.04
63.7,82.8,5,0,61.19
47.2,58.8,5,0,47.96
50,52.8,3,0,43.94
30.6,65.5,3,1,51.43
52.2,61.5,3,1,46.49
58,78.1,3,1,51.16
69.7,75.1,4,1,67.98
57.1,73.9,3,1,56
57.6,94.9,3,0,55.33
54,73.9,5,1,52.49
32.3,79.2,3,0,45.02
41.6,48.7,4,0,45.31
43.5,99,4,1,70.26
46.4,55.1,4,0,43.65
53.5,40.7,3,0,43.72
48,62.7,4,1,57.37
50.8,75.5,5,0,51.91
47.1,109.6,5,1,75.05
56.5,88.6,2,1,61.65
46.6,51.6,3,0,36.6
48.1,53.8,3,1,39.77
44.3,38.2,5,0,45.79
54.5,69.8,3,1,57.72
43.5,73.8,5,1,56.37
35.3,93.8,4,1,57.23
63.6,57.3,2,1,44.67
40.3,102.6,3,1,63.23
58.6,87.5,4,0,66.28
47.8,54.9,4,1,51.7
29.6,78.9,2,0,49.02
42.2,55.6,3,0,47.14
42.2,74.5,4,1,48.84
71.7,57.3,4,1,58.73
35.3,88.2,5,1,57.59
33,68,3,1,33.9
70.2,81.6,2,0,55.74
49.6,84.9,4,1,54.26
35.9,68.7,4,1,48.55
51.4,68.9,5,0,46.34
40.4,67.6,4,0,50.77
50.2,65.9,4,1,54.16
59.7,47.8,3,0,53.38
38.5,74,3,0,43.77
32.5,94.7,4,1,59.65
46.4,61.5,3,1,53.99
36.4,96.3,1,0,48.87
41.2,84.8,3,0,62.07
47.2,74,4,1,52.97
57.9,107.2,4,0,62.46
69.4,66,5,0,49.77
41.7,64,4,1,54.61
42,92,4,1,61.42
52.4,72,5,0,45.33
71.5,76.1,4,0,65.81
57.6,36.2,3,0,34.48
53.8,77.8,4,1,59.75
66.2,71,4,0,57.56
50.5,54.3,3,1,46.75
36,70.7,1,0,58.49
43.1,94.2,3,1,54.36
39.5,73.8,3,1,53.32
47.2,35.1,4,0,43.57
49.2,78.4,3,0,61.14
56.3,93.3,4,1,64.44
55.3,72.1,3,0,50.39
47.9,76.7,3,0,59.62
47.1,57.5,5,1,50.38
40.3,58.3,3,1,38.73
49.3,64.7,3,1,63.09
64.2,69.4,2,0,55.4
50.9,66.6,2,1,45.69
49.1,55.6,3,1,50.24
32.6,71.6,3,1,43.55
47.3,83.6,2,0,52.28
35,59.8,1,1,50.16
44.8,45.9,5,0,41.78
51.8,66.2,2,0,48.84
39.4,91.3,4,0,51.27
67.8,77.7,3,0,56.53
62.5,59.7,5,1,64.04
60.9,91.1,3,1,62.04
36.5,61.1,3,1,44.26
41.7,57.7,3,1,52.55
46.4,76.4,5,1,52.06
39.2,51.2,3,1,39.42
56.8,68.1,4,0,54.47
55.6,97.6,2,0,68.87
63.7,43.2,2,0,55.09
45.6,51.6,3,0,43.55
44.1,56.6,5,1,51.4
69.1,67.2,4,0,52.95
43.3,104.6,5,0,55.28
60.7,59,5,1,58.3
46.8,76.5,3,1,54.16
56.9,43.9,5,0,42.71
82.9,76.4,4,0,61.05
56.3,72.6,4,0,48.96
62.1,71.5,5,1,57.87
53.5,69.3,3,0,50.1
45.5,75.9,2,0,48
45,64.7,5,0,46.81
49,60.7,3,1,44.6
68,78.2,5,0,55.46
64.6,49.2,3,0,39.75
57.1,84.8,4,0,55.76
62.2,22.9,4,0,43.54
57.3,72.4,5,1,61.99
62.2,34.2,3,0,47.51
54.6,61.8,3,1,63.56
46.1,85.8,4,0,54.11
57.8,58.1,1,0,46.2
46,59.4,3,1,60.88
60.9,85.5,5,0,64.08
41.9,74.3,5,1,49.09
51.5,84.1,4,1,58.74
59.3,68.8,4,0,64.05
48,84.8,2,1,53.04
52.5,49.5,4,1,49.37
49.7,76,5,1,56.18
53.4,94.1,5,1,70.96
50.1,68,3,0,44.58
47.7,90.4,5,0,56.28
64.8,85.1,4,0,62.2
52.8,47.4,4,0,40.21
53.3,85.2,2,0,51.34
62.7,26.3,4,1,47.37
44.2,72.7,4,0,57.15
58.1,36.3,3,1,51.58
51.7,72.2,3,0,47.4
50.8,78.8,5,1,62.85
65.2,72,3,0,55.16
52.2,47.4,3,0,55.5
43.9,76,2,0,58.39
36.9,98,4,1,51.87
74.6,61.8,1,0,64.66
49.6,60.8,5,1,46.88
38.4,83.8,5,1,58.99
41,70.8,3,1,49.93
49.4,53.5,4,1,45.04
53.9,72.8,2,0,47.71
59.7,87,1,1,60.98
53,64.3,3,1,46.78
29.4,73.7,5,1,44.59
41.1,60.5,1,0,48.07
30.5,61.8,4,1,52.22
50.7,67.2,4,1,55.03
36,78.8,5,0,56.2
47.4,50,3,0,39.65
47.5,71.1,4,0,45.6
63.7,46.3,5,0,49.99
60.9,75.7,4,0,55.58
38.9,59.5,4,0,33.77
54.2,48.6,3,0,40
55.9,77.9,4,1,59.43
52.4,67.1,5,1,52.58
64,88.5,3,0,65.02
67.6,71.7,4,0,48.45
32.1,71.2,2,1,38.1
46.6,74.1,4,1,58.49
63.4,61.1,4,1,55.15
53,91.8,4,1,65.11
55.3,79.6,3,1,60.47
36.5,58.5,4,0,42.83
47.1,92.6,3,0,50.81
53.7,78.2,2,0,51.91
42.9,106.8,4,1,66.17
71.7,46.1,1,1,50.87
40.1,95.6,5,1,65.57
47,59.1,3,1,57.56
54.4,70.6,4,0,58.15
52,90.3,5,1,55.67
37.7,76.9,5,1,53.88
51.4,91.9,5,0,62.78
61,57.9,4,0,50.56
69.3,69,1,1,54.98
31.2,86.2,3,0,51.27
44.8,59.9,3,1,51.06
59.3,57.2,3,1,50.74
52.4,73,3,1,49.17
47,83.3,3,1,58.95
61,60.4,4,1,55.9
52.4,89.6,3,1,52.9
57.6,41.3,3,1,48.33
49.7,82.6,5,1,56.56
54.3,94.3,3,1,56.84
53.3,65,3,1,51.44
51,50.9,3,1,55.9
43.6,59.9,3,0,45.6
47.8,81.7,3,1,56.39
42.9,59.1,5,0,46.99
33.2,52.2,1,1,41.26
52.7,84.3,2,1,62.61
47.6,97.2,4,0,48.88
71.2,79.7,3,0,63.02
67.4,67.9,3,1,55.89
66,63.7,1,1,50.41
51.6,64.2,3,0,50.74
41.3,59.2,2,0,50.49
52.6,87.2,4,0,60.05
47.2,54.2,4,0,53.79
52.7,97.1,4,1,60.05
53.2,53.7,4,0,53.22
48.3,87.9,3,0,62.64
61.1,94.9,2,0,67.29
53,77,3,1,61.24
29.4,72.9,4,0,49.24
36,87.9,5,1,66.58
41.4,69.8,5,1,54.51
51.5,92.9,2,0,57.25
68.4,94.1,4,0,69.65
27.7,64.4,5,1,52.41
43.7,72.7,3,1,49.59
63.6,57.2,4,0,48.79
63.3,98.7,3,1,71.87
57.2,54.8,3,0,41.49
44.5,81.8,4,1,56.39
53,45.4,4,0,49.34
45.3,68.3,4,1,48.6
28.8,45.7,5,1,47.81
40.7,80.6,3,1,63.89
63.6,85.7,3,1,64.92
47.2,79.3,3,0,49.44
55.1,90.1,4,0,57.56
50,78.4,4,1,53.93
66.8,60.4,4,1,63.55
51.6,99.8,2,0,55.08
51.9,53.6,3,0,50.74
34.6,58.7,2,1,51.86
58.9,78.7,3,1,60.22
49.6,70.9,2,1,48.95
51.6,67.6,3,0,50.56
62.2,72.4,5,0,65.15
49.8,79.1,3,1,59.04
50.9,82.4,5,0,56.12
39.7,67.8,2,0,39.33
67.2,68.3,3,0,64.08
63.4,70.9,3,1,55.11
35.1,96.2,4,0,53.62
60.6,33.3,2,1,45.43
36.8,64.6,3,0,47.12
61.8,46.9,5,0,53.5
58.5,47.9,4,1,41.41
38.8,66.9,4,0,40.8
46.9,68.5,2,0,49.24
53.5,49.5,4,1,50.69
59,68.3,5,1,38.95
58.4,63.5,4,0,62.17
68.2,38.9,3,1,44.59
44.4,66.9,4,0,53.57
60.6,82.8,3,1,64.19
57.7,48.8,5,0,51.57
53,86.1,4,1,50.73
43.8,78.1,4,1,53.61
31.4,87.6,4,1,53.89
44.4,65.9,4,1,55.02
46,69.3,2,1,65.71
36.7,64.4,4,0,48.12
55.4,54.2,5,1,50.59
48.6,51.4,4,0,39.77
45.6,64.1,4,0,50.8
64.4,75.2,4,0,66.02
50,59.6,4,1,47.97
54.3,68.5,5,1,44.25
52,65.8,1,1,55.24
54.8,30.9,3,1,42.22
51.3,58.7,4,1,51.31
61.6,61.8,4,0,41.74
60.2,55.4,3,0,48.63
51.6,68.7,3,0,55.1
22.1,86.9,3,1,52.2
60.2,78.6,5,1,63.47
51.9,83.8,3,1,62.74
43,86.8,4,0,50.04
50.9,90.1,2,1,56.07
55,58.3,2,1,51.05
39,77.7,3,1,49.48
52.7,53.9,5,0,41.93
69.7,71,5,0,52.36
45.9,88.8,4,1,62.4
24.5,63.1,2,0,48.96
51.6,71.4,5,1,58.2
33,60.7,3,0,47.76
65,107.1,3,1,70.21
55.5,85.2,4,0,56.62
30.7,58.2,3,1,47.53
41.6,102.6,4,1,70.01
53,73.9,5,1,56.7
57.6,73.7,4,1,54.7
56.1,49.7,3,0,49.09
60.2,67.6,3,0,48.39
18.6,58.8,4,1,38.24
68.4,52.8,3,1,54.25
52.8,87.9,4,1,58.85
44,70.8,3,1,48.59
53.7,39.9,2,0,41.69
47.3,120,4,1,65.67
53,57.3,3,1,56.08
51.3,75.8,4,1,57.96
13.9,73.7,3,0,46.21
64.8,79.4,3,1,59.44
57.7,68.4,3,1,59.52
41.3,90.4,4,0,53.71
61.9,63.5,4,0,52.81
51.2,73.9,3,0,53.75
44.4,65.2,5,0,54.13
37.1,78.2,5,1,54.58
38.2,92.6,4,1,53.36
51.2,67.2,4,1,51.23
58.5,53.4,2,1,48.33
46.1,94.6,4,0,52.15
43.7,86.1,4,1,70.88
48.8,55.9,4,0,41.22
65.8,58.2,4,0,58.72
46.4,87.1,3,0,61.64
43.4,66.5,4,1,53.83
49.7,82.6,4,1,57.16
41.5,94,3,0,59.58
62.3,73.8,5,0,59.39
61.8,73.1,3,0,44.37
39.2,83.7,5,0,49.22
53.2,105.4,4,0,67.61
53.5,65.6,3,0,62.65
35.4,82.7,2,0,51.2
44.5,58.3,4,1,50.59
34.6,57,3,1,42.34
45.1,62,3,0,55.76
47.1,69.5,1,0,56.63
47.7,81.3,4,0,54.04
63.5,62.7,4,0,49.15
59.7,40.2,3,0,44.08
33.6,67.5,2,1,49.55
54.9,55.7,5,1,59.91
59.7,97.1,3,1,61.95
64.6,80,4,0,60.12
41.5,59.6,5,0,46.01
52.1,67.3,2,0,52.25
46.1,53.2,1,0,45.21
64.3,89.9,4,1,63.98
51.7,58.4,4,0,46.87
35.9,51.6,5,0,39.86
66.5,66.7,4,1,48.05
48.2,91.1,5,0,53.97
44,69.4,1,1,48.52
47.5,58.2,4,0,46.18
46.8,78.2,2,0,56.66
55.3,67.7,4,1,52.54
57.7,86.7,4,0,54.34
24.1,54,3,0,46.35
81.3,71.1,4,1,64.48
41.3,64.8,3,1,46.12
72.4,62.2,3,0,57.06
55.3,77.4,4,1,63.23
45.1,79.9,5,0,47.97
47.2,68.9,3,0,45.21
39.6,56.5,3,1,45.9
50.3,68.1,2,0,48.85
51.1,69.2,3,0,50.78
57.4,89,1,1,63.1
43.3,54.2,3,1,41.09
24.7,60.3,5,1,55.38
51.7,77.6,4,1,56.04
47.9,51.6,3,1,34.99
39.7,82.3,3,1,46.6
56.1,50.3,4,0,48.51
44.5,61.4,3,1,54.03
46.5,94.4,1,0,58.26
31.7,65.2,3,1,52.65
51.2,46.6,5,1,40.79
53.3,77.2,4,0,50.24
55.9,57.4,3,1,52.46
46.7,57.2,2,0,44.48
42.6,81.4,2,1,56.43
46.8,64.1,4,1,48
59.1,79.4,2,0,54.02
70.1,69.6,3,1,51.42
37.5,51.1,5,0,37.07
41.4,71.1,4,0,48.72
45.8,61.3,4,1,49.36
65.4,84.4,4,0,48.72
58.1,39.8,4,0,46.18
60.7,82,4,0,53.7
56.3,52.3,4,1,49.82
40.9,43.1,4,1,40.78
41.9,70.2,4,0,45.17
60.3,50.8,4,1,51.18
44.9,103.8,1,0,62.98
55.1,71.8,5,1,57.54
52.7,47,5,0,44.33
48.4,75.9,4,0,52.11
44.7,77.1,5,1,53.17
60.2,49.4,4,0,47.67
48.2,64.6,4,0,53.95
51.9,73.7,3,0,45.77
57.8,103.4,5,0,64.96
29.1,64.6,2,1,53.27
49.2,62.5,3,1,47.62
60.3,86.4,5,1,58.59
51.1,44.4,5,1,40.68
50.5,66.6,3,0,45.16
51.5,47.8,5,1,52.22
63.2,74.3,5,1,60.3
30.9,72.3,4,1,65.16
72.7,83,5,0,59.14
59.3,55.2,3,0,50.55
46.7,54.1,3,1,43.57
46.3,84.3,4,1,56.7
48.9,31.3,4,1,38.45
37.5,45.1,3,0,44.84
57.2,64.4,5,0,49.79
68.3,49.8,3,1,47.88
52.6,80.6,5,0,51.4
54.8,87.9,4,1,56.33
39.2,49.4,4,0,52.22
37.9,93.6,2,0,53.88
44.4,55.8,4,1,45.34
41,78.2,3,1,58.45
34.8,71.1,3,1,52.29
46.2,86.7,4,0,58.82
41.7,61.6,4,0,45.42
70.2,70.8,5,0,42.67
57.2,80.9,4,0,55.35
47.2,81.2,3,1,61.51
69.6,67.1,4,1,50.2
45.9,66.5,3,1,47.09
51.9,89.1,5,0,51.34
71,62.8,3,0,52.11
73,88.9,2,0,56.99
37.5,73.1,3,1,52.94
42.2,74.3,1,0,43.84
45.3,74.2,2,0,54.88
66.8,27.1,3,1,34.6
48,70,5,1,47.11
40.9,56.9,4,1,45.25
50.1,89.1,4,1,55.76
43.2,56.6,2,1,52.59
71.6,53.3,5,1,55.1
55.5,77.1,4,0,63.5
56.9,69.3,3,0,55.96
37.8,65.5,4,0,49.7
55.6,52.6,3,0,44.12
52.2,81.8,5,1,60.01
39.6,47.8,3,0,35.48
57.6,53.7,3,0,32.82
41.7,85.6,4,1,51.32
59.9,56.5,5,0,54.01
42.2,35.9,3,0,44.06
45.2,71.9,4,1,53.55
54.2,72.4,4,1,43.89
39,22.6,4,0,44.91
41.2,76.7,4,1,50.09
44.1,90.5,4,1,59.62
41.4,57.3,3,1,48.01
45.9,45.2,3,0,45.27
41.6,59.5,3,1,56.33
77.8,56.7,4,0,53.2
45.3,69,4,1,54.36
50.2,41.8,3,0,38.78
41.4,66.9,3,0,52.26
50.3,78.6,4,0,52.35
49.6,90.5,2,1,61.68
61.7,64.5,3,0,55.41
71.5,68,4,0,68.28
59.5,62.7,3,1,56.09
54,59.5,2,1,45.08
51,82.5,3,0,48.01
72.6,50.9,3,1,48.33
50.8,48.5,5,0,37.53
35.6,80.7,4,1,46.08
47.5,88.4,4,1,56.6
58,78.2,4,1,56.12
39.3,70.6,1,1,51.44
39.2,61.4,5,0,46.23
36.8,86.2,4,1,52.13
35.9,105.1,4,0,65.23
37.7,65.6,3,0,43.06
54.8,80.1,1,1,54.15
59.9,85.6,5,0,65.8
38.4,65,4,0,56.99
41.9,51.1,4,1,45.58
47.4,65.9,3,0,44.04
47.8,87.8,5,1,59.18
48.7,75,3,1,61.66
54.4,59.1,4,0,49
50.7,64.8,4,0,57.75
44.7,40.4,4,1,36.34
62.8,100,3,0,59.16
53.2,75.7,4,1,57.49
56.3,81.6,4,0,50.09
55.6,59.9,3,1,46.63
51.6,83.2,3,1,55.12
52.6,85.6,4,0,57.36
58.2,70.7,2,0,50.87
39,52.4,4,1,44.38
35.7,80.4,4,1,53.84
33.5,58.4,3,1,47.66
62.5,56.7,5,0,41.18
37,86.9,5,1,48.89
48.7,88.1,4,0,62.52
38,63.9,3,0,34.66
49.2,62,3,0,53.38
37.9,77.4,4,0,56.53
39.7,68.4,5,0,40.02
44.4,45.1,4,1,50.21
51.3,88.7,3,0,61.93
30,66,5,0,52.93
58.4,64.3,4,1,64.4
44,68,4,1,60.53
33.7,68.9,4,0,36.65
34.4,68.6,4,0,54.54
48.5,55.6,4,1,44.56
60,65.9,1,1,52.09
50.5,61.5,1,0,55.74
49.2,70.3,5,1,53.45
53.4,56,5,1,60.25
44.2,50.3,5,1,50.64
73,81.8,4,0,58.65
55.6,77.1,4,1,59.1
36.9,75.8,4,0,47.21
55.8,65,4,1,62.98
54.2,77.4,2,0,54.44
41.8,26.1,5,0,31.2
44.6,57.3,2,0,41.09
58.1,57.5,5,0,44.03
42.2,41.2,5,0,34
48.4,96.9,4,1,61.61
51.1,57.6,4,1,43.83
57.3,90.6,3,0,56.84
54,67.4,4,0,62.54
57.7,46.5,4,1,46.05
65.9,51.6,3,0,46.13
47.1,57.7,1,0,51.84
48.4,51.7,3,0,48.84
73.3,64.7,3,1,51.27
63.8,98.1,2,1,72.25
41.2,63.5,4,0,39.05
47.4,68.6,5,0,47.32
62.5,53.5,4,0,44.73
54.6,55.3,2,0,50.05
41.2,69.7,3,0,44.52
58.1,53.5,3,1,44.45
52,77.3,3,0,53.43
45.6,51.3,4,0,48.33
29,79.3,4,1,57.19
20.4,87,3,1,44.05
57,69.4,3,0,56.88
43.6,64,4,1,60.07
36.2,84.6,3,1,55.81
64.2,65.6,3,1,51.57
57.6,61.4,4,1,59.96
35.7,96.5,5,1,52.46
47.9,80.8,5,1,54.89
46.3,37.5,2,1,42.74
47.1,70.9,3,0,56.03
46.3,93.8,5,1,65.73
61.5,73.1,2,1,57.65
61,74.8,3,0,53.78
45.1,95.5,3,1,64.72
54.7,51.2,3,1,50.13
41.6,84.6,3,0,45.12
40.8,98.5,5,0,61.75
37.4,56,1,1,54.32
45.7,66,2,1,55.03
40.6,56.5,4,1,48.36
65.7,71.9,3,0,56.82
49.6,67.2,4,1,50.29
61.5,60.8,3,1,64.8
58.6,60.5,3,0,54.89
57,61.1,3,0,51.86
61.1,76.4,5,1,59.56
58.9,77.3,3,1,62.47
53.4,80.2,5,0,54.7
60.7,70.5,5,1,53.43
59.7,43,4,1,42.57
58.5,77.6,4,0,60.87
46.6,61.6,3,0,40.34
35.3,47.2,5,0,43.45
40.7,85.5,5,0,53.17
58.2,75.4,2,0,60.89
46.9,51.3,4,1,48.43
48.2,97.6,1,1,52.61
35.4,69.4,3,0,40.85
39.8,63.1,1,1,46.71
50.5,79.5,4,1,56.67
52.8,69.6,5,1,56.85
47,87,4,1,67.13
40.8,50.6,3,1,44.36
28.8,57.7,3,0,34.78
53.4,61.8,4,1,57.63
52.7,45.2,5,1,47
60.8,51.6,4,0,47.1
34.8,57.6,5,1,44.73
30.6,71.8,4,1,49.44
46.1,59.1,4,1,45.63
57.6,72.5,5,0,53.2
53.5,74.8,2,1,61.71
52.3,76,4,0,48.97
42.4,69.3,3,0,49.13
43.1,77.3,5,1,56.66
51.8,57.4,5,0,45.58
49.1,95.8,4,1,60.39
43.9,52.8,4,1,51.66
51.9,71,5,0,48.03
43.1,89.4,3,1,48.24
45.2,65.2,3,1,52.13
37.8,54,4,1,48.72
43.8,45.4,3,0,38.22
43.7,72.7,3,1,50.87
30.7,92.2,3,0,49.4
53.1,46.5,5,1,52.03
37.4,78.2,3,1,55.71
35.3,46.1,3,0,32.98
45.5,58.1,4,0,50.3
39.9,68,3,0,54.45
55.3,110.2,3,0,59.45
65.9,67.2,4,0,53.25
51.1,89.3,4,0,56.37
48,70.1,5,1,50.04
27.4,72.6,3,0,38.51
65.3,16.7,3,0,34.07
59.2,50.1,5,1,52.97
35.5,79.7,1,0,47.3
64.9,67.6,5,1,55.76
32.5,58.2,3,0,46.83
48.6,57.2,4,0,35.96
34.5,62.3,4,1,36.76
55.7,70.2,5,0,46.78
53.3,62.4,3,0,48.57
60.8,55.4,4,0,52.31
50.5,82.8,4,1,54.91
51.1,54.8,3,0,43.29
46.2,53.9,4,0,51.46
52.8,70.2,5,0,56.68
38.7,58.5,4,0,39.58
46.4,69.1,3,0,57.26
28.6,93.7,3,0,52.78
58.5,76.9,3,0,62.9
56,83.9,3,1,58.33
39.3,77.2,3,0,51.07
47.2,75,4,1,62.56
54.7,57.4,5,1,56.31
67.7,71.1,4,1,52.48
70.2,70,5,1,56.57
40.7,57.7,4,0,37.73
57.8,72.9,3,1,57.82
59.4,46.2,3,0,47.89
48,68.8,3,1,52.15
42,84.7,3,0,54.07
46.2,69.5,2,0,57.61
30.8,66.3,5,1,47.14
60.8,50.1,4,0,49.82
61.8,61.3,3,1,50.81
31.3,65,4,0,45.44
59.7,58.6,5,1,62.42
55.9,63.9,1,0,53.56
31.2,89.5,5,0,62.68
37,76.3,2,1,51.21
57.4,71.2,5,1,60.87
36.3,50.1,3,1,39.9
50.8,44,2,1,41.29
49.1,79.8,3,0,57.99
35,62.2,4,1,49.59
39.1,97.7,2,0,58.04
55.6,97.3,3,0,66.96
55.7,69.7,4,1,55.76
56.4,70.6,3,0,53.84
39.8,76,5,1,53.64
55.9,66.1,3,0,60.51
47.6,53.4,4,0,55.06
55,61.3,5,1,51.68
49.8,79.1,3,1,59.16
48.2,60.8,2,1,48.68
45.9,80.5,4,0,54.47
55.3,61.1,1,1,49.3
64,72.1,5,0,49.56
55.1,72.8,5,1,58.97
48.3,62.4,3,1,52.65
65,53.6,3,0,51.92
76,73.8,4,1,53.69
49.3,77.7,2,1,67.81
59.8,68.3,3,1,58.79
44.8,51.7,2,1,49.3
61.3,65.5,5,0,57.67
43.3,57.6,4,1,39.76
72.6,69.3,3,1,57.82
49.1,67.8,4,0,50.48
64.2,85.6,5,0,66.93
49.6,58,4,1,49.46
55.7,57.8,4,0,51.5
53.9,83.3,5,0,50.07
46,79.3,4,1,62.22
58.8,93.9,5,1,60.13
57,60.7,4,0,50.54
53.4,68.2,4,0,44.12
51.9,68.5,4,1,46.09
41.4,76.6,3,0,54.6
60.1,121.6,5,0,66.24
50.2,75.8,3,0,56.19
28.5,67.1,3,1,41.12
69.9,61.8,4,0,55.26
57.6,81.5,4,0,56.21
36.8,82.4,5,0,55.21
49.4,69,3,0,55.93
46.2,60.1,3,0,46.31
35.6,65.9,5,0,46.18
42.8,79.2,5,0,50.76
46.1,78.5,5,1,57.5
55.8,64.2,4,0,59.01
47.4,54.1,5,0,54.22
32.2,70.4,5,0,48.1
46.1,104.3,4,0,71.43
55,30.6,4,0,47.3
39.5,76.7,3,1,56.53
65.2,75.4,3,1,56.62
59.7,38.7,4,1,47.93
56,52.5,2,1,57.89
49.2,68.5,4,1,47.43
55,60.6,5,1,47.3
60.5,60,4,0,56.74
49.3,55.7,4,0,55.91
62.7,57.9,4,1,51.81
59.7,46,4,0,45.14
36.7,54.7,3,0,47.06
38.4,50.7,3,0,50.28
45.1,51.1,4,0,43.58
42.9,71,4,1,50.12
70,62,2,1,53.1
43.8,83.4,3,1,50.23
59.7,46.8,5,0,46.84
46.6,66.3,3,0,47.86
51.8,87.3,4,1,55.29
48.1,87.9,4,1,53.59
39.6,89.4,4,0,48.86
59.2,60.5,4,1,49.82
44.7,46.8,1,1,45.42
31.6,72.1,4,1,45.26
37.8,71.4,3,1,51.09
49.1,58.7,5,1,56.93
62.3,60,2,1,52.38
40.3,65,4,1,50.39
53.4,40.6,5,1,43.98
41.4,62.2,5,1,53.72
67.1,70.8,5,0,47.75
54.3,50.5,4,1,57.6
43,58.2,5,1,47.74
68,103.2,2,1,62.44
52.4,62.1,3,0,51.76
65.8,109.1,2,1,69.48
47.7,60.5,1,1,52.35
36.9,58.6,2,0,41.52
44.8,54.3,4,0,41.78
34,76.3,3,0,44.6
43.2,72.6,3,1,46.15
38.8,37.8,5,0,41.04
36.6,80.1,5,1,53.45
50.9,60.6,5,1,52.2
66.5,62.9,4,0,52.88
45.8,75.9,3,0,50.77
53.9,55,5,0,54.42
49.6,73.1,4,1,66.49
56.7,67.7,4,1,51.83
50.5,66.7,5,1,52.98
56.7,79.4,4,1,56.38
50.2,65.1,2,0,56.14
57,103.2,3,0,65.56
54.1,70.4,4,1,52.49
45.1,75.3,2,1,52.55
53.7,75.4,5,0,60.57
53.3,68.5,4,0,52.38
44.3,67.3,3,1,56.68
34.5,65.8,3,0,40.25
32.5,80.8,3,0,61.98
70.3,76.1,3,1,59.63
52.5,75.8,3,1,55.22
40.5,91.5,5,0,60.91
52.1,70.7,3,1,54.96
37.2,62.8,3,1,50.4
36,85.5,3,1,55.83
52,64.4,3,0,47.92
51,71.4,3,1,59.86
48.7,88.6,3,1,61.32
32.2,74.4,5,1,54.28
43.1,72.4,3,0,48.75
63.1,48.2,4,0,49.28
21.2,67.3,2,1,43.02
49.1,102.6,4,1,61.19
44.2,40.2,4,1,44.21
43.1,85.8,3,0,53.02
30.4,66.5,3,1,44.87
47.4,46,4,1,51.18
47,105.6,4,0,54.84
53.5,96.7,2,1,66.19
56.7,77.4,3,0,45.09
55.3,70.1,5,1,47.96
49.1,74.5,2,0,52.06
44.3,80.2,5,1,64.8
44.9,58.2,5,0,42.47
50.3,48,1,1,51.25
62.5,74.9,4,0,48.69
65,100.6,4,0,65.07
51.6,69.8,4,1,50.8
43.9,45.5,5,1,41.59
48.2,76,3,0,42.28
43.6,75.6,3,0,44.47
64.1,64.8,4,1,52
45.7,91,3,1,56.5
45.4,65.1,3,0,43.85
46.8,76.1,3,0,49.1
38.4,81.3,4,0,49.1
44.9,85.9,4,1,54.99
32.4,61.7,5,1,44.69
67.6,71.9,5,0,64.91
54.8,66.8,5,1,54.18
47.8,70.6,3,1,56.72
37.3,93.9,4,1,61.62
44,85.8,5,0,56.91
39.7,70.1,5,0,54.65
23.3,60.4,4,0,39.81
31.2,57.5,5,0,47.8
43.2,86.6,4,1,65.19
50.6,82.1,3,0,47.91
49.3,81,3,1,55.7
59.8,79,3,1,61.04
53.2,69.2,3,0,49.49
26.4,70.2,2,1,55.85
51.7,85,4,0,51.51
57.2,89.1,5,0,54.47
51,84.1,2,1,57.22
45,71.4,4,0,42.25
77.6,77.9,2,1,63.36
47,63.4,5,0,42.11
60.8,66.9,4,1,52.29
41.7,114.5,4,0,71.66
50.3,78.6,1,1,60.38
56.4,47.1,5,0,49.79
44.3,85.9,4,1,49.29
39.6,99.9,2,0,56.8
32,42,3,0,40.93
40.8,53.1,1,1,48.21
52.3,66.6,3,1,46.87
67.5,68.1,4,0,51.34
50.9,59.4,1,1,49.16
59.4,64.7,4,1,58.21
28.3,69.4,3,0,41.15
40.3,94.5,5,1,67.81
40,60.1,4,0,45.67
52.9,60.8,3,0,46.49
38.8,77.4,5,0,50.2
53.1,77.5,4,0,62.9
43.7,101.4,4,0,64.71
65.8,81.8,3,1,61.77
54.4,57.8,4,0,48.09
67.9,77.2,3,0,59.68
53.9,93.2,4,1,57.88
47.2,49.7,5,0,44.69
37.6,52.2,4,1,43.55
30.3,54.7,5,1,56.16
26.1,52,4,0,43.99
46.8,59.6,3,0,47.38
39.7,65.2,3,0,40.58
46.3,67.4,5,1,57.5
48.6,60.5,4,0,47.81
56.9,58.1,3,0,50.99
38,40,4,1,43.35
33.2,64.7,5,1,60.4
37.7,58.5,2,1,43.96
32.8,73.1,3,1,51.32
59.5,64.8,1,1,53.6
55.9,75.8,3,1,57.26
49.5,43.4,4,0,38.48
70.7,72.2,1,1,60.25
57.1,73.5,5,1,60.85
50.5,65.5,4,1,59.3
41.8,68.9,4,1,52.15
60.3,65.8,3,1,56.96
46.1,56.2,4,1,55.32
44.8,35,2,1,40.83
40,78.2,3,0,48.02
75,74.6,4,1,59.44
56.7,84.8,4,1,55.01
55.7,60.9,1,0,54.69
64.2,82.4,2,1,59.04
62.1,58.2,4,1,51.22
46.6,85.5,3,1,62.58
54.4,71,3,0,57.05
43.3,81.2,5,1,49.19
45.4,65.6,5,1,41.59
63.4,69.5,3,0,57.68
45.3,76.8,4,1,46.52
48.1,71.4,4,0,53.72
55.3,72.5,4,1,42.79
72.3,92.8,2,0,55.29
49.2,84.4,4,0,64.4
39.2,84.6,3,1,56.41
39,54.8,4,0,44.56
58.5,90.2,4,0,63.17
62.1,77.2,4,0,55.13
46.5,82.4,4,1,56.6
53.5,81.4,3,1,69.09
43.8,109.5,3,1,61.41
35.3,65,4,0,49.34
51.3,69.2,5,0,48.35
49.6,77.7,1,1,50.46
55.8,48.5,4,0,42.04
43.8,82.4,5,0,57.4
46.7,92.4,3,0,58.77
61.1,68,4,1,51.02
47,80.3,3,0,64.7
52,68.5,3,1,44.37
65.3,83.8,3,0,63.87
70.2,87.4,3,0,69.31
57,41.1,4,0,43.79
39,89,2,1,60.08
53.6,47.8,4,1,47
61.6,89.5,2,0,55.02
53.1,49.1,5,1,45.42
80.6,76.3,5,0,51.54
64,62,2,1,52.96
57.6,67.3,3,1,49.93
50.8,62.5,3,1,46.87
59.4,65.3,3,1,46.67
50.4,56.5,5,0,37.35
53.8,61.2,3,1,56.15
43.6,70.4,3,0,43.19
49.2,39.9,4,0,34.64
40.8,63.4,4,1,41.14
34.9,59.5,4,1,49.97
59.8,64,3,0,47.09
66.4,44.3,1,1,54.65
46,41.2,3,0,35.75
42.8,62.3,4,1,48.23
38.1,53.7,4,1,49.1
66.5,61.9,3,0,49.55
47.5,85.1,3,0,51.93
52.1,77.2,3,1,58.24
55,33.1,3,1,43.03
59.6,74.8,3,1,60.81
53.1,58.5,4,1,47.38
51.5,75.8,4,0,56.9
65.1,79.8,2,1,56.97
66.1,39.4,5,1,58.45
47,88.5,3,1,54.98
61.6,63.8,3,1,53.4
57.2,68.6,5,0,48.24
36.9,70.6,3,0,36.54
48.5,50.1,3,0,39.34
75,58.8,3,0,57.12
40.5,72,3,0,40.45
34.9,61.1,4,0,46.33
41,79.7,3,1,49.05
50.2,38.3,4,0,36.82
60.4,67.4,3,0,50.46
34.4,76.4,3,0,41.87
50.1,68.4,4,0,54.56
52.4,80.3,4,0,58.17
42.3,74.3,4,1,47.92
52.9,51.5,1,1,43.68
46.7,88.3,1,0,54.79
58.4,46.8,5,0,52.16
46.7,53.6,1,1,48.07
45.2,62,4,0,41.55
69.5,87.8,3,1,53.54
25.7,88.8,2,1,48.87
65.7,81.9,1,1,57.46
25,55.2,5,1,49.53
62.3,52.9,4,1,42.91
60.3,83.9,5,1,57.74
46.7,52.7,4,1,35.07
39.6,71.9,1,1,48.68
52.6,84.4,5,0,62.1
62.1,60.7,5,1,48.38
36.8,73.3,4,1,54.71
61.4,64.9,5,1,54.26
45.1,61.1,3,1,44.56
53.1,72.4,5,0,52.35
60,78.8,3,1,55.48
51.8,62.2,4,0,44.4
44.3,60.8,4,0,39.59
43.3,75.6,5,0,53.33
35.2,48.9,5,0,43.51
48,56.1,4,1,50.62
50.9,79.1,2,1,50.97
46.5,28.7,4,1,33.25
37.9,63.4,5,1,44.63
54,61.3,3,0,58.05
61.4,55,4,0,50.59
44.9,85.8,3,0,51.8
55.7,76.3,3,1,58.98
62.9,78.7,3,0,56.52
65.7,73.6,4,1,57.79
59.1,61,5,1,58.35
72,75.5,4,0,52.86
55.2,64.3,4,0,43.71
48.8,61.4,4,0,44.5
44.9,52.2,5,1,45.46
59.9,58.1,4,0,46.86
47.4,101.9,3,1,62.9
57.4,83.9,3,1,54.65
52.3,80.8,4,0,53.3
33.8,80.8,5,1,60.65
30,73.9,2,1,54.8
45.8,94.5,3,1,59.21
51.2,50.8,4,0,44.43
41,68.9,4,1,53.29
43.7,78.6,5,1,50.27
61.9,62.5,1,1,53.49
41.8,67,4,1,54.29
65.8,78.6,4,0,52.76
48.5,65,5,0,52.53
50.2,75,2,0,51.61
45.6,55.5,5,1,41.34
48.3,41.8,3,1,53.5
61,74.2,2,0,56.52
48.6,70.9,3,1,56.98
48,78.3,3,0,54.35
40.8,63.8,4,1,54.71
36.4,75.1,5,1,58.12
60.5,72.5,4,0,54.63
66.5,70.1,3,0,50.81
46,98.4,3,0,57.06
22.1,76.5,5,1,48.6
53.9,62.4,3,0,47.55
51.2,100.5,4,1,64.24
64,69.8,4,0,48.67
55.6,63.5,4,1,56.91
54.2,64.5,4,0,45.18
48.2,63,4,1,57.37
75.5,59.9,5,0,46.38
45.7,53.6,3,0,44.49
37.9,46.7,3,1,48.17
50,60.7,4,1,52.3
40.1,68.4,4,0,52.51
46.9,59.5,5,1,41.87
57.3,83.1,5,0,49.41
56.5,76.6,4,0,54.85
53.3,57,5,1,46.95
40.3,51.8,4,1,40.32
58.6,67.4,4,0,55.65
49.4,67.1,3,0,53.81
44.3,67.3,4,0,47.47
53.3,80.3,3,0,53.29
51.1,61,4,1,50.08
68,36.5,3,0,52.64
52.4,81.8,5,1,57.9
23.3,70.5,5,1,43.9
46,77.7,3,1,58.86
46.5,69.3,4,1,54.13
40.8,67.4,5,1,56.14
51.2,58.6,4,1,57.31
50.2,54.7,1,1,46.16
37.2,34.7,3,0,32.79
53.6,83.7,1,0,51.07
51.4,78.7,4,0,57.51
52.3,76,3,0,52.75
41.2,60.8,3,0,55.77
48.1,55.7,4,0,33.98
49.3,124.8,2,0,72.94
48.2,82.7,3,0,57.71
44.7,58.7,3,0,39.82
47.8,78.8,2,1,53.26
53.6,75.2,3,1,60.5
65,61.4,5,0,45.87
50.4,40.1,3,1,40.56
51.5,85.9,2,0,57.42
36.9,69.5,4,0,49.19
45.2,47.9,5,0,41.24
47.9,71,3,1,50.22
54.1,60,3,0,43.55
40.3,53.9,5,1,43.64
61.2,65.3,1,0,55.98
27.1,76.9,5,0,49.58
51,50,5,0,39.19
56.3,40.8,4,0,43.45
45.6,62.6,4,1,56.62
26.5,81.8,3,1,54.51
63.4,87.3,4,1,63.89
52.6,60.6,3,1,47.34
50.4,58.2,4,1,57.09
40.6,79.5,4,1,57.99
42.8,68.6,3,1,51.76
64.4,80.9,3,0,60.82
37.7,93.7,4,0,56.5
46.1,72,4,1,57.61
68.1,70.2,4,1,60.55
56.3,101.1,3,0,61.3
60.6,84.6,3,0,58.47
58.1,70.9,4,0,63.24
50.5,65.8,4,0,44.14
55.2,94.3,5,0,56.88
56.8,54.4,4,0,44.22
38.9,71.5,4,1,55.22
48.8,78.6,4,1,62.44
56.8,69.3,4,0,53.76
51.9,62.2,3,0,53.88
47.5,78.2,1,0,59.45
52.1,59.2,3,0,56.22
45.1,69.3,4,1,41.99
45.4,84.4,4,0,58.07
71.3,74.9,4,1,66.01
41.3,85.6,3,0,60.48
40.2,74.1,5,0,51.83
47.8,71.5,3,0,53.61
62.1,40.8,4,1,44.59
54.3,57.2,3,0,45.54
50.3,90.9,5,0,54.55
48.6,91.2,3,1,58.31
69.5,88.6,4,0,62.41
44.4,79.6,5,0,42.03
47,78.3,3,0,48.43
52.1,67.5,4,0,52.64
55.3,64.8,4,1,52.68
37.5,65.6,2,0,45.73
49.3,80.5,4,1,61.34
43.1,35.5,2,0,37.91
33.3,78.8,1,0,51.77
65.3,75.5,3,1,57.22
39.8,60.5,4,1,45.72
58.2,88.7,3,1,58.66
34.4,58.8,5,1,58.2
53.1,62.2,5,0,51.82
51.6,73.6,5,1,57.51
38.7,46.9,5,1,49.36
58.2,59.6,4,1,59.96
47,92,3,1,54.45
35.1,40.2,4,1,47.95
39.7,106.1,3,0,60.4
40.3,78.8,4,1,46.59
30.5,67.9,3,1,49.05
47.3,66.5,3,0,35.69
45.3,96.6,2,1,56.03
49.4,56.3,2,1,46.52
49.8,72.5,4,0,56.04
56,88,2,0,57.03
49.5,70.2,4,0,53.49
50.2,88.9,5,1,60.78
57,87.3,4,0,58.26
52.1,85,4,1,56.52
50.5,56.4,2,0,47.02
50.1,61.4,5,1,59.03
33.4,80,4,1,49.06
44,64.3,2,0,47.73
48.1,84.1,4,1,52.51
56.8,80.8,1,0,50.82
51.6,84.9,3,1,63.92
39.6,69.1,5,0,46.6
43.9,74.9,2,0,49.33
52.8,61,4,1,53.97
50.1,83.6,2,0,54.3
48.1,69.6,5,0,52.2
51.1,57,2,1,59.83
49,45.2,3,0,48.88
69.6,72,2,0,56.53
44.2,56.6,2,1,51.75
54.6,63.5,3,0,37.96
52.9,61.6,3,1,59.23
44.5,61.6,3,0,49.04
43.8,68.8,4,1,53.6
54.3,80.4,5,1,59.81
67.7,105.1,5,1,66.95
44.5,70.3,4,0,51.64
43,53.1,5,0,39.9
58.3,73.4,3,1,48
62.6,85.9,3,0,59.96
81.8,68.1,4,0,59.73
36.1,66.7,5,1,53.02
30,69.5,4,0,49.65
51.8,61.2,4,0,45.38
64.6,83.7,4,0,55.65
71.4,72.3,4,0,57.96
40.1,51.1,2,0,43.44
45.6,88.9,4,1,56.08
47.1,38,3,0,40.55
54.5,90.3,3,1,57.72
56.3,69,4,0,50.3
41.3,71.9,3,1,49.47
58.6,127,3,1,78.8
56.6,71.6,4,0,51.3
32.4,61.1,4,0,36.37
53.7,82.2,4,0,62.5
42.2,32.7,3,1,44.49
40.6,76.6,5,1,60.71
65.3,74,4,1,58.48
28,83.5,3,0,59.37
62.5,60,4,0,53.2
51.3,79.2,5,0,52.36
52.9,71.3,4,1,56.37
62.9,53.1,5,1,50.9
43.6,61.7,5,0,39.93
51.3,76,4,0,56.5
57.1,106.8,4,1,67.01
64.4,75.2,4,0,53.93
45.7,53.6,5,0,46.59
55.1,60.7,3,1,46.69
65.4,55.6,4,1,50.95
45.7,79.9,1,0,60.09
57.2,73.9,3,0,41.54
39.3,86.9,4,1,61.08
54.4,91.4,4,0,66.98
52,64.8,4,1,58.63
64.2,85.4,4,0,50.6
62.6,33.6,3,0,42.66
40.1,59.7,1,1,44.92
53.7,74.3,3,1,52.11
59.1,87.6,4,1,65.15
60.1,68.9,3,1,48.91
49.8,44.4,4,1,41.63
58.6,80.1,4,0,53.8
44.2,52.7,2,1,48.18
37,89.1,3,0,55.29
45.6,92.9,2,0,51.61
38,55.1,4,0,46.92
34.8,54.1,3,0,42.69
38.6,74.2,4,0,42.04
57.9,63.6,5,1,53.29
46.2,74.3,3,0,54.07
47.5,91.3,2,1,54.95
44,57.7,3,1,44.4
55,62.5,3,0,53.91
53.2,43.9,3,1,33.47
31.6,49.9,5,1,47.27
48,70.1,4,0,51.71
45.9,75.2,4,1,62.07
48.6,73.9,4,1,48.45
45.8,81.5,4,1,48.4
48,63.6,3,1,49.74
34.9,63.6,3,0,46.74
59,93.1,4,0,66.94
47.6,82.7,3,1,49.15
42.8,48.2,3,1,46.04
51.5,49.5,3,0,46
52.4,46.7,2,0,50.42
50,86.1,4,0,55.6
62.2,51,4,0,52.46
56.3,56.2,3,1,46.95
47.3,67,5,1,54.94
37.6,71.3,3,0,50.49
47.7,70,5,0,45.56
54.7,92.2,4,0,59.8
52.2,92.8,3,0,52.07
37.3,67.2,3,0,49.3
42,53.2,4,0,39.62
61.6,60.6,5,0,47.95
42.9,70.5,4,1,48.05
42.8,65.5,5,1,47.33
30.4,88.8,4,0,52.45
49.2,63.2,4,0,53.48
76.7,100.6,4,0,63.84
45.5,72,5,1,52.19
46.4,61.6,2,1,48.07
41.5,60.8,3,0,53.6
47.6,60.6,3,1,51.24
58.4,49.1,3,1,40.71
55.9,64.1,2,1,55.11
50.4,86.9,3,1,60.69
45.4,73.9,2,0,45.84
54.9,72.9,5,0,51.81
45.6,71.8,3,1,51.42
61.6,86.1,3,1,58.09
64.6,83,1,0,50.91
56.7,63.6,3,0,51.7
33,47.8,3,0,36.13
49.6,73.4,2,1,48.55
48.6,60,4,0,50.52
62.4,77.4,4,1,59.78
40.3,57.1,2,1,38.96
56.3,87.8,5,1,57.78
34.5,63,5,1,46.14
46.6,73.5,5,1,61.08
58.5,75.6,5,1,47.54
63.8,90,3,0,65.98
39.5,58.8,5,0,52.24
48.4,65.7,2,1,44.1
64.3,61.2,5,1,56.78
47.1,57.4,3,0,46.66
63.2,73.7,3,1,60.98
37,52.1,5,1,49
42.6,78.7,5,0,54.97
48.3,65.2,4,0,49.01
53.5,59.6,4,1,46.81
50.4,61.8,5,1,60.18
49.5,62.4,4,0,57.03
46.6,99.2,3,1,55.02
59.4,87.1,4,0,55.92
47.8,84,3,1,59.76
51.8,47.5,2,1,52.78
55.9,81.8,2,1,58.05
45.3,64,4,0,47.3
66.1,92.1,5,0,64.01
70.5,63.9,4,0,60.04
75.2,35.7,4,1,54.63
46.4,25.7,4,1,30.25
37.9,63.8,2,0,45.83
71.4,36.9,3,0,40.27
55.6,69,4,0,40.82
58.6,78.3,4,0,53.93
34.1,87.8,3,0,54.08
20.8,71.8,4,1,50.71
45.5,62.3,3,0,46.04
64.5,68.5,3,0,49.83
56.7,58.5,3,0,53.33
46.6,67.5,4,0,47.48
63.9,89.4,3,0,58.4
48.5,72.2,3,0,59.62
48.1,57.2,3,0,50.24
39.9,91.6,3,1,55.83
58.7,67,4,0,45.6
54.4,82,3,0,54.55
50.2,64.8,3,0,51.69
51.9,68.6,4,1,66.59
49.9,47.7,4,1,44.58
33.9,65,2,0,34.64
60.9,87.7,3,1,65.15
48.2,57.2,2,1,52.05
54.5,55.8,4,0,47.92
59.8,81,5,1,63.36
39.5,62.4,4,1,50.92
35.3,69.4,4,1,58.02
60.9,53.6,3,1,57.64
50.8,48.4,4,1,54.31
65.3,43.2,3,1,39.6
53.8,71.6,3,0,50.12
50.8,97.5,5,0,63.65
53.1,96.7,1,1,51.49
42.5,110.6,1,0,75.42
44.4,77.3,3,1,48.44
34.3,90.7,5,1,48.39
47.7,87.8,5,1,57.11
24,60,4,1,51.78
51.6,50.2,3,1,40.86
52.7,80.8,3,1,57.77
57.4,84,4,1,49.25
39.3,79.1,3,0,54.4
45.5,75.1,5,0,53.6
19.3,78.8,4,0,50.2
50.1,81.2,4,1,56.69
56.6,51.9,4,1,45.19
39.1,62.3,4,0,46.51
43.4,74.1,5,1,61.41
53.3,66.3,4,1,60.77
49.8,78.6,4,1,55.91
53.2,72.8,3,1,49.71
44.9,68.3,1,1,46.88
38.6,80.4,3,1,50.87
38.3,63.5,2,0,48.41
60.2,75.9,2,1,63.78
55.1,79.3,3,1,59.98
40.7,110.9,4,1,65.65
49.5,82.7,4,0,62.19
36.7,67.6,3,1,55.55
60.5,75.1,4,1,46.99
70.9,90.1,4,0,59.18
36,72.1,4,0,36.9
48.9,86.7,3,0,57.14
51.5,73.4,5,0,53.79
55,90.8,5,1,59.14
36.5,88.6,5,0,53.38
38,80.3,3,1,48.08
43.4,67.3,4,1,46.45
48.6,92.7,4,0,62.6
44.9,73.5,5,1,57.25
49.3,42.3,4,0,40.47
60.3,77.8,3,0,61.4
44.9,58.2,3,1,44.41
41.8,72.7,2,0,48.04
52.7,56.9,3,0,52.22
59.6,91.4,3,1,53.35
52.2,76.4,3,0,57.93
58.3,65.1,5,1,49.42
53.1,91.2,3,0,50.98
47.7,62.7,2,0,55.42
29.9,82.8,3,1,54.61
53.9,71.9,4,1,61.38
53.3,34.7,3,1,49.78
50.9,52.4,2,0,43.45
65.1,39.1,5,1,52.05
62.2,60.7,4,1,49.17
56.3,51.6,2,1,44.75
71.9,64.9,3,1,54.98
33.8,89.5,1,1,46.96
36.4,66.2,4,1,50.89
51.6,99.7,3,1,64.93
47.9,45,2,1,39.35
35.4,75.7,3,1,61.03
54.2,47.5,3,0,37.79
59,32.6,3,0,47.57
29.4,62,1,1,40.66
70.3,52.6,4,0,48.81
52.2,74.1,4,1,62.08
48,80.6,5,0,58.67
60.7,95.9,4,1,66.82
35.6,75.1,4,1,57
46.1,64.8,5,0,60.9
61.4,63.9,5,0,50.63
39.6,44.8,3,0,35.46
73.6,65.9,3,0,62.57
64.8,59.3,4,1,52.7
62.8,56.5,2,1,53.73
41.2,50.6,3,0,39.67
28.6,83.9,4,1,61.76
57.4,87.3,2,0,50.2
31.4,92,4,0,42.98
43.4,84.1,4,1,62.68
51.3,69.3,5,0,53.24
65.8,93.4,3,0,62.56
49.5,64.2,3,0,42.69
47.1,53.3,2,0,40.33
58.2,63,5,0,48.86
44.3,77,3,0,55.07
69.3,69.8,2,1,68.27
53.8,63.3,5,1,56.13
59.3,53.8,5,0,47.02
28.9,72.2,5,0,41.59
59.8,42.7,4,1,54.73
45.5,85.5,4,1,58.37
51.5,86,5,1,62.93
40.7,71.4,3,0,52.45
51.3,59.6,2,1,43.46
45.4,39.6,4,0,43.34
52.7,64.2,3,0,45.59
48.9,56.5,2,0,46.34
47.8,52.6,2,0,47.84
51.4,79.1,5,1,57.87
33.9,71.6,5,1,46.24
45.8,75.8,4,1,59.07
36.1,66.2,4,0,43.08
49.4,78.2,4,0,64.36
59.3,87.6,5,1,70.03
52.4,52.8,4,0,45.07
62.5,63.1,2,0,50.27
51.2,70.3,2,1,54.42
46.2,98.5,4,0,59.38
21.4,78.5,2,1,45.21
61.3,53.9,5,0,43.76
45.2,81,2,0,50.77
56.9,57.3,2,0,51.46
47.1,76.2,1,1,56.89
25,80.3,3,0,49.75
63.3,96,5,1,63.39
45.9,66.4,4,1,52.91
62.4,89.3,4,0,56.81
28.1,76.9,1,1,45.25
50.2,56.9,5,0,42.23
45.8,74.2,3,1,58.05
34.8,62.9,2,0,56.98
43.2,74.6,5,0,48.51
40.6,77.5,3,0,49.6
58.9,81.3,5,1,59.09
32.5,80,5,1,46.83
44.8,68,4,1,42.5
40.5,75.2,4,0,59.25
48.9,67.3,5,0,43.96
53,62.2,3,0,54.63
57.2,66,5,0,49.33
52.1,62,4,0,47.88
64.3,84.8,5,1,59.18
62.5,84.3,3,1,57.53
41.1,78,2,1,55.22
61.7,87.6,4,1,64.52
41.3,63.2,5,0,54.77
58.2,41.1,5,1,45.4
61.8,67.9,5,1,52.52
47.8,45.2,4,0,36.76
54.2,69.1,4,0,49.64
35.2,63.1,4,0,46.64
36.3,83.3,5,0,52.52
35.2,59.3,4,0,45.13
53.2,79.4,5,1,56.46
43,67.6,5,0,50.03
39.4,85.6,3,0,50.85
47.6,58.8,2,0,45.72
58.8,63.5,3,1,47.41
42.5,69.9,5,0,43.59
47,54.9,3,0,43.82
54.4,83.1,4,1,66.29
48.2,55.6,4,1,42.92
49.6,54.8,3,1,58.64
62.3,55.6,4,0,51.27
35.2,71.6,1,0,44.02
46.7,66.5,4,1,54.3
59,65,4,0,46.64
66.4,67.2,3,0,55.59
31.2,85.3,5,0,51.34
29.9,52.1,4,0,40.73
60.7,81.2,3,0,56.43
74.4,87.2,2,0,63.12
32.5,61,3,1,51.4
56.2,55.8,2,1,49.98
58.6,55.1,3,1,49.6
47.2,57.7,4,0,45.39
41.8,91.7,5,1,58.17
42.1,68.1,2,1,50.85
39,61.2,5,1,54.23
45.9,70.7,2,0,53.29
35.8,72.5,4,1,53.67
67.4,45.5,5,0,42.73
37.5,84.6,3,0,50.67
47.2,67.7,5,0,47.39
39.6,80.8,5,0,52.21
42.9,49.9,4,1,43.14
49.4,66.6,4,0,49.12
54.4,69.6,4,0,57.1
51.5,69.3,5,0,48.08
53.9,57.8,5,1,59.58
52.5,85.4,5,1,59.53
63.3,89,3,1,58.06
21.3,69.5,5,0,55.37
35.8,68.4,4,0,44.96
41.4,83.5,4,1,54.95
64,74,2,1,56.92
54.4,77.6,4,0,51.08
65.4,66.3,5,0,51.65
57.8,62.7,2,0,55.04
53.7,76.2,5,0,58.96
52.5,36,1,1,41.97
73,59.4,3,1,53.64
63.3,64.5,4,1,62.02
55.3,71.7,3,1,56.21
57.4,59.2,5,0,42.06
50.9,65.4,5,0,54.38
37.2,78.8,3,1,53.93
53.7,69.1,3,0,53.85
45.8,63.7,2,0,55.58
70.5,85.6,4,1,57.56
40.9,70.1,5,0,37.26
50.3,48,4,0,49.6
49.8,66.2,4,0,44.25
46.8,70.1,3,0,53.9
52.7,59.7,1,1,36.61
50.8,71.2,5,0,51.01
59,73.5,4,1,56.87
35.6,45.1,3,1,45.83
47.8,51.1,4,0,47.33
56.2,62.9,4,1,59.37
49.7,60.8,4,0,41.89
41.6,59.4,4,0,40.68
41.9,60.1,3,1,50.44
59.5,47.8,4,1,49.1
33.8,103.9,4,1,59.55
47,52.5,2,0,39.31
58,59.7,4,0,37.5
41.8,75.1,2,0,61.41
67,81.5,3,1,63.55
47.6,57.5,5,1,52.34
45.2,88.3,3,0,60.23
54.9,83.2,4,0,54.07
54.8,53.2,3,0,41.07
57,57.2,5,1,50.72
46.1,57.3,3,0,31.21
59.2,77.5,4,1,62.17
39.6,70.3,5,0,51.58
49.2,55,2,1,40.18
46.1,83.3,5,1,65.09
37,64.2,3,1,50.23
51.9,74.3,2,0,44.99
34.9,53.8,3,0,44.23
49.9,68,4,1,39.48
43.3,66.3,4,0,47.81
51,63.7,4,0,46.01
53.3,62.4,3,0,51.02
27.7,81,3,1,43.38
42.5,79.2,3,1,39.17
47,86.7,5,0,48.12
46.3,94.7,4,1,57.05
62.8,53.6,5,0,50.36
56.7,57.8,2,0,57.78
45.8,67.2,4,0,47.28
38.8,57.9,4,1,54.44
34.3,53.5,4,1,55.09
46.4,66.9,3,1,49.22
62.2,59.4,3,1,65.06
26.5,77,5,1,58.21
48.8,107.8,4,1,70.89
52.1,58.9,3,0,42.73
54.8,85.7,4,1,60.19
43.4,67.3,3,0,42.1
39.9,54.5,5,0,38.28
49.2,65.8,3,0,46.49
54.6,102.7,4,0,66.33
43.1,66.4,5,0,55.86
46.8,74.8,4,0,59.12
45,69,4,1,53.01
38.2,54.2,3,1,38.21
45,35.8,3,0,30.17
51.3,49.9,4,0,43.09
31.4,103.4,3,0,57.41
68.1,73.9,3,0,52.59
45.9,42.9,4,1,48.46
50.9,69,3,0,53.44
47.5,77.9,4,1,54.7
35.4,70.6,4,0,51.49
45.2,64.4,3,0,51.57
28.2,43.9,5,0,39.9
57.4,67.1,3,1,53.66
43.4,62.3,3,0,48.14
58.2,96.2,4,0,60.02
62,93.7,4,1,62.91
60.1,63.9,5,0,52.39
39.8,91,4,0,63.08
40.5,56,4,0,46.59
50.7,61.1,3,1,43.03
62.6,41.9,4,0,42.47
53.7,85.3,2,0,54.06
62.4,66.5,3,1,49.56
44.4,75.3,3,1,57.38
50.7,90.8,3,1,57.44
47.8,79.9,4,0,48.51
54.7,70.3,5,1,56.79
51.7,74.1,4,0,48.15
49.3,93.3,4,1,59.98
73.8,56.4,4,0,55.36
62.5,52.2,2,0,43.49
49.2,87.6,3,1,62.89
57.8,67.2,3,1,53.88
48.8,70.1,4,0,48.69
43.6,72.3,3,1,47.6
54.4,75.4,5,1,56.91
68,60.5,3,0,53.15
43.8,68.9,4,1,54.32
44.3,50.6,2,0,45.37
66.6,69.8,4,0,52.44
39.5,69.5,4,0,51.09
51.7,66.6,5,1,49.83
44.4,38.2,3,0,38.57
33.7,82,2,0,50.58
49.2,65.8,2,1,56.41
51.2,70.8,3,0,65.13
48.9,62.1,2,0,45.62
69.1,65.6,4,1,55.22
48.5,54.5,1,0,53.87
42,71.8,3,1,55.95
58.8,52.9,5,1,62.24
46.1,75.9,3,0,49.89
60.3,81.3,3,1,70.28
47.7,64.3,5,1,54.56
52.6,70.8,3,0,50.13
55.4,80,5,1,68.71
38,72.5,1,1,55.29
68,64.3,3,0,52.13
55,61.5,3,1,56.5
66,77.1,3,0,60.17
31.7,61.1,5,0,39.06
49.1,76.5,3,0,51.38
41,32.4,4,1,41.22
25.2,68.8,4,0,48.69
47.6,69.9,3,0,40.36
39.2,66.1,3,1,50.98
58,71.2,4,0,55.63
53.4,83.7,3,1,68.76
70.3,68.9,4,0,50.16
59.8,66.4,2,0,48.61
64.3,63.6,3,1,54.43
32.9,43.6,4,1,53.3
57.7,67.2,3,0,50.96
36.4,86.7,3,0,63.9
48.5,57.2,3,1,50.06
46.7,75.7,3,0,43
45.9,78.9,4,0,54.97
62.9,55.6,3,0,46.54
42.2,69.1,2,0,48.43
48.4,66.8,1,1,61.75
40.4,79.4,5,0,55
39.5,66.2,5,1,48.93
53.6,65.9,5,0,54.26
53.6,89.5,3,1,63.07
47.6,75.1,4,0,58.73
41.6,45.4,2,0,42.82
39.4,84.3,5,1,55.93
54.4,65.2,2,1,52.96
57.6,65.6,4,1,52.86
44.1,47.2,5,0,50.87
37,56.8,4,0,40.34
47.8,80.9,4,1,57.76
67.5,95.8,5,1,63.58
60.9,83.4,5,0,58.83
64.5,92.7,4,1,64.12
59.8,49.9,5,1,43.07
37.5,63,4,0,42.57
58,68.8,5,0,49.55
58.1,93.2,4,0,60.27
54,73.5,1,0,51.86
40.8,36.2,5,1,40.58
33.5,54.1,4,1,48.98
29.6,78.6,4,1,43.45
40.1,76.8,3,0,51.63
49,79.8,4,0,55.15
55.3,84,4,1,55.21
36.8,63.6,5,0,41.15
47,58.1,3,0,44.79
49.5,93.8,3,0,57.97
56.9,68.9,2,1,56.14
46.6,78,5,0,62.66
46.7,66.7,3,0,43.02
48.6,38.9,5,1,42.69
52.7,59.7,2,1,53.52
43.2,75.5,4,1,58.74
51.1,74,2,1,56.54
45.7,58.9,3,1,51.73
39.2,90.8,4,0,50.02
53.4,64.4,4,0,53.83
50.8,87.3,2,0,59.22
54.2,60.4,3,0,39.66
41.2,62.1,2,0,47.29
48.6,84.8,5,1,59.79
52.5,74.1,4,0,57.12
40.2,93.7,4,0,48.01
48.3,75.9,5,1,52.55
48.7,63.9,1,0,48.59
45.3,83.2,3,0,46.08
63.8,87.1,3,1,53.84
76,63.7,4,1,49.3
45,67.5,4,0,49.57
19.9,84.4,3,0,46.28
62.7,32.5,3,0,43.24
60.3,81.2,2,1,54
56.7,64.2,2,0,44.34
62.8,76.7,3,0,57.87
49.6,98.8,3,0,61.63
56.2,62.8,4,0,57.32
42.6,68.1,4,1,56.95
38.6,66.1,4,0,41.34
43.8,28.6,3,1,43.99
54,69.4,3,1,60.46
37.3,76.4,5,0,40.91
40.7,65.5,4,0,49.24
51.9,84.7,4,0,58.34
36.1,90.2,3,0,52.93
43.4,77.1,4,0,46.96
43.5,94.3,3,1,58.7
65.4,46.7,3,1,52.25
44.6,79.8,3,1,53.67
58.1,77,4,0,56.4
59.2,79.8,4,1,62.75
63.8,87.2,2,0,62.47
48.4,55,4,1,50.24
47.5,69.8,5,1,43.71
55.3,68.9,3,0,45.95
55.6,44.9,4,1,45.31
50.2,46,2,1,38.96
45.3,46.1,4,1,46
35.6,74.8,4,1,54.03
66.8,66.2,3,1,50.2
52.2,91.9,4,0,54.64
79.9,83.4,4,0,61.36
39.7,53.1,4,0,40.13
49.6,64.9,4,1,49.67
58.8,61.8,4,0,51.49
55,70.7,2,1,50.41
53.7,35.9,3,1,42.09
41.6,58.6,3,1,39.75
40.8,67.6,4,0,47.44
55.8,45.7,4,0,57.3
64,71.7,3,0,50.37
51.3,72.4,3,0,53.47
50.4,75.6,3,1,54.89
48.1,70.7,1,1,58.88
45.2,73.4,4,0,46.56
55.4,56.4,4,1,52.17
52.9,76.9,5,1,55.84
70.8,52.5,2,1,48.59
56.2,56.3,5,1,54.09
55.5,71.8,3,0,54.26
45,55.9,3,0,36.59
45.4,60.9,5,0,48.72
49.8,79.3,4,0,52.87
37.8,60.4,3,0,42.55
75.2,78.3,3,0,57.23
31.9,60.6,4,0,46.54
58.5,75.2,4,1,56.58
60.6,48.3,3,1,49.82
43.5,61.7,2,0,56.43
51.6,88.8,5,1,51.05
84.7,76,5,0,59.59
37.4,69,3,0,41.93
47.2,81.8,5,1,54.79
63.2,74.3,2,0,53.21
57.8,72.2,5,0,55.01
57.3,79.5,5,0,53.13
43.5,81.6,5,1,56.84
53.4,83,4,0,40.87
42.6,80.4,5,0,46.9
44.5,78.2,2,1,52.7
36.5,63.1,5,0,44.59
56.8,64.5,5,1,48.5
34.3,71.8,4,0,52.36
44.1,63.8,4,0,46.33
51.6,65.7,4,1,57.49
50.4,74.4,3,1,58.13
42.4,75.9,2,0,49.92
52.5,98.1,5,1,60.51
40.7,105.2,5,1,65.05
44.8,65.4,4,0,33.4
56.8,86.3,1,0,60.51
45.5,48,3,1,39.14
35.8,59.6,3,1,49.07
58.9,65.7,3,1,64.34
67.1,45.2,5,1,51.55
75.6,61.6,4,1,61.23
49.2,59,3,0,52.84
49.3,79.1,3,0,45.46
66.4,102,3,0,71.95
46,68.1,4,1,55.8
52,73.5,4,0,58.12
64.5,85.4,3,1,57.19
49,65.4,4,1,55.7
50,86.9,3,1,61.7
47.8,54.1,3,0,46.8
50.9,66.7,3,1,41.09
42.4,78.5,5,1,60.92
43.3,98.6,3,0,59.84
48.9,67.1,2,1,57
42.2,51.6,4,0,33.17
51.8,80.6,1,1,63.13
60.8,48.8,4,1,49.52
57.4,54.4,4,1,44.89
35.1,70.3,4,0,44.67
55.6,77.7,3,1,58.85
62.5,85.9,3,1,56.96
55.6,92.3,4,1,55.7
52.9,84.2,3,0,52.68
53.5,84.2,4,1,59.69
56.1,85.5,3,0,54.15
50.4,58.1,4,0,51.47
61.4,36.9,1,1,42.9
47.1,86.3,3,1,60.42
52.7,80.3,2,0,54.39
49.7,79.1,4,1,57.11
76.4,88.2,3,0,61.18
41.2,70.2,5,1,52.71
60.1,78.9,4,1,61.64
56.2,63.3,5,0,55.13
61.6,69.8,4,1,57.65
66.5,90.3,1,0,53.67
50.1,72.8,5,0,53.47
37.6,56,2,0,44.39
51.4,56.1,2,0,42.85
56.2,90.6,5,0,55.6
33,64.8,4,0,53.92
67.3,85.8,4,1,66.16
38,79.8,4,0,55.31
57.1,79.8,4,0,56.5
64.5,87.4,3,1,67.42
38.2,68,5,1,58.71
46.9,35.3,3,1,45.54
46.8,48.3,4,1,53.11
26.1,90.4,3,1,50.8
34.7,92.5,3,0,59.43
41.6,65.2,5,0,47.06
47.8,73.3,5,0,60.24
42.5,79.9,3,1,60.25
52.6,69.8,3,0,54.19
38.4,56,5,0,43.07
44.9,58.7,5,1,44.93
48.2,66.7,5,1,47.84
48.8,59.8,4,0,53.17
44.8,85.8,2,1,52.9
33.9,53,5,1,36.99
54.6,79.6,3,0,46.42
54.8,52.4,5,0,43.74
63.8,68.1,4,1,49.22
49,79.8,4,1,63.76
50.2,52.9,3,1,49.27
59.6,95.8,5,0,53.55
72,61,2,0,47.84
67.2,54.9,4,1,47.63
52.6,84.8,2,0,64.02
59,64.2,4,0,46.56
46.7,58,3,0,46.95
51.7,51.4,5,1,48.56
50.7,76.1,4,0,55.34
81.8,71.8,2,0,58.43
58.9,78.3,2,1,64.38
28.9,73.5,4,1,46.64
59.5,82.8,2,0,62.67
50.1,50.9,4,1,48.83
61.8,52.9,4,1,53.49
55.4,53.1,4,0,40.42
49.8,73.1,4,0,54.99
19.5,52.2,4,1,32.32
41.9,55,4,0,37.75
45.6,69.2,5,0,50.08
58.2,66,4,1,53.31
35,36.5,5,1,43.53
60.9,51.3,1,1,49.26
30.7,58.3,5,1,46.22
40.2,106.4,3,0,53.12
49.3,76,5,0,57.98
57.3,56.1,4,1,56.58
61.4,72.9,5,0,53.73
59.1,34.1,4,1,38.48
53.3,77.3,4,0,56.62
41.6,45.4,4,1,45.07
55.9,59.9,4,1,41.96
70.7,75.7,4,0,53.22
62.1,61.9,1,1,59.4
57.5,76.6,4,0,45.61
48.3,82.3,2,0,61.92
47.4,71.5,1,1,54.25
51.6,76.3,5,0,51.12
43.4,72.4,3,1,51.76
45.4,83.1,5,1,60.96
40.8,69.5,4,0,55.96
55.7,92.1,4,1,53.83
57.5,53.4,1,1,54.19
57.5,70.8,5,1,54.13
62.5,52.7,3,1,50.39
34.9,60.2,2,0,45.82
58.3,77.6,3,1,62.09
46.6,60.6,4,0,48.61
49.6,59.3,1,1,43.99
61.3,63.7,5,0,55.36
52.9,59,4,1,42.65
68.5,75.3,1,1,63.17
65.8,106.7,2,1,67.99
47.7,69.3,2,0,57.25
46,72,2,0,54.39
59.3,60.6,4,0,45.46
26.9,70.8,4,1,48.18
58.1,75,2,0,50.65
38,77.2,5,0,59.04
60.7,69.9,4,0,48.24
50.3,76.3,3,1,56.15
40.3,67.3,4,1,56.6
22.6,81.5,4,0,48.71
49.4,83.4,4,1,58.91
38.3,79.2,4,0,50.31
46.1,83.8,2,0,44.08
50.9,92.8,3,0,53.6
54.2,83.6,4,0,64.28
60.5,74.7,3,1,65.02
66.3,73.9,3,1,59.52
47.6,68,3,0,54.47
52,93.1,5,0,57.91
60.7,55.2,5,1,51.15
45.1,67.2,3,0,45.5
40.3,67.5,2,0,53.85
46.9,73.5,2,1,58.93
32.6,60.9,3,1,48.8
58.8,69.4,5,1,61.26
55.8,77.4,3,1,58.65
55.3,54.9,4,0,59.85
60.8,63,4,0,56.87
62.6,57.7,2,0,50.43
58.2,69.4,4,0,54.43
35.9,62.1,3,1,43.62
58.2,69.4,4,0,47.83
47.2,63.2,3,1,45.85
67.5,63.5,5,1,62.88
62.5,79.6,4,1,59.32
51.8,77.6,3,0,55.92
61.5,46.9,4,0,43.31
50.6,72.6,1,0,51.65
49.6,58.8,2,0,49.21
44.9,75.7,3,1,49.19
54.6,76.6,4,1,62.93
68.2,59.8,4,0,47.58
55.5,71.9,3,1,60.47
34.8,70.7,4,1,47.95
46.1,70,4,0,50.41
54.3,45.6,5,0,42.11
32.3,45.6,5,0,42.88
37.2,78.1,5,0,51.37
56.7,90.8,5,0,57.34
53.7,57.3,2,0,48
34.6,64.7,4,0,52.68
58.1,62.7,3,1,56.28
35.6,78.6,3,1,49.44
44.3,75.7,5,1,59.04
69.9,55.4,3,1,58.11
53.6,69.1,3,0,49.74
52.1,56.8,3,1,59.32
44.3,80.9,4,0,48.03
42.3,97.3,2,1,51.76
35.5,82.4,3,0,43.75
62.3,89,4,1,58.86
67.4,97.7,3,0,68.94
47.9,98.5,5,0,63.73
39.6,76.3,5,1,54.21
46.8,60.3,4,1,59.09
45.4,68.7,4,1,54.45
59.9,56,3,1,50.26
44.4,86.4,5,1,63.83
50,53.8,4,0,47.35
45.4,85.1,4,1,56.44
44.5,77.4,3,1,54.57
46.3,77.6,3,1,58.02
55,74.9,5,1,63.08
50,75.6,4,0,43.52
52,34.9,3,0,38.7
58.3,90.7,4,1,68.56
53.9,53.1,3,1,50.64
49.7,63.5,4,0,47.37
38.3,83.7,4,0,55.42
59.2,92.4,3,0,60.63
55.8,71.3,5,0,50.19
33.7,70.3,2,0,41.48
60.6,41.3,4,0,43.74
54.5,61.3,3,1,48.82
50.8,41.8,5,0,49.44
48.1,63.4,4,1,58.74
36.7,68.7,2,1,52.41
50.5,52,3,0,44.62
30,89.2,3,0,49.87
62.7,77.3,2,1,60.54
33.4,67.3,2,0,44.31
36.1,62.4,5,0,50.61
48.7,66.4,4,0,49.21
68.5,75.3,5,1,55.24
48.8,66.1,3,0,41.29
56.2,84.8,4,0,53.72
34.9,72,4,0,50
47.7,81.5,4,1,58.45
46.9,40.8,1,0,44.85
53,67.4,3,0,40.51
50.6,80.4,3,0,46.58
46.7,57.1,5,1,47.71
36.7,62.2,4,1,58.98
53.5,88.2,5,0,51.92
42.4,78.8,4,0,54.04
45.7,62.2,4,1,47.16
56.1,60,4,0,49.82
44.5,63.4,4,1,50.51
71.7,67.2,3,0,60.06
59.7,73.1,4,1,62.81
45.6,55.3,2,1,47.11
47.1,91.7,5,1,59.68
49,38.6,3,0,56.98
51.6,74.3,4,0,52.72
42.9,86.3,5,0,53.26
45.5,85.1,5,0,56.86
51.9,72.3,5,0,52.28
61.2,85.6,2,0,58.1
38.3,75.7,4,1,55.69
51.4,50.4,1,0,45.92
37.3,58.2,4,0,46.12
52.1,65.1,1,0,56.24
44.1,65.7,5,1,56.69
43.9,88.3,3,1,56.3
40,55.7,4,1,54.93
39.1,58.2,4,0,41.07
33.9,67.7,3,0,56.88
44.5,75.7,3,0,47.99
40.2,60.5,3,1,47.7
56.4,105.3,3,1,65.76
43.2,99.6,3,1,59.33
56.2,75.4,2,0,50.73
35.8,83.1,3,0,65.57
59.2,84.8,2,1,58.19
37.7,53,3,0,47.49
47,59.8,2,0,40
52.1,77.9,4,0,51.77
37.1,75.6,5,0,48.74
47.8,74.2,5,0,42.61
60.8,62.2,4,1,54.64
45.1,64.2,3,1,57.74
64.3,21.6,4,1,39.78
43.1,73.3,4,1,58.1
48.3,72.4,3,1,52.51
72.2,67.6,2,1,55.9
36.3,74.1,3,1,60.3
41.5,48.4,4,1,51
50.4,80.6,4,0,55.8
49.6,54.6,4,0,43.13
54.1,65.9,3,1,49.51
58.4,79.7,4,0,60.74
43.9,63.3,4,1,58.95
36.4,46.3,4,1,39.62
47.2,66.2,3,0,44.02
49.4,74.5,4,1,64.71
66.3,71.8,3,1,54.12
48.2,68.1,4,0,43.63
43.4,64.2,4,0,55.71
54.8,69.9,2,1,54.6
51.6,60.8,4,1,48.59
55.6,100.5,4,1,62.76
69.7,82.1,3,0,62.08
59,60.6,4,0,48.41
65.4,33.1,4,0,58.71
49.7,65,2,0,50.98
55.9,80.7,3,0,59.81
55.7,57.9,4,1,49.03
35.6,69.4,4,0,45.86
57.4,73.4,3,1,53.06
55,70.7,3,0,51.7
24.4,120.9,4,0,65.83
37.8,66.3,3,1,46.91
41.3,58.6,3,1,46.03
39.6,74.8,1,1,54.45
54.5,52.8,4,1,55.26
36.5,76.2,3,0,47.13
57.5,82.5,4,0,54.36
35.8,93,4,1,72.83
61,80.5,5,0,52.36
34.6,44.2,4,1,38.18
55.1,75.5,4,1,61.93
65.1,102.1,3,1,69.29
45.3,73.7,2,1,62.67
52.6,93.5,3,0,60.25
34.9,85,5,0,50.31
67,66.7,5,0,47.99
46.8,62.4,3,1,47.54
54.4,72.3,3,1,49.32
52.4,87.4,5,1,55.22
59.3,50.3,3,1,51.47
45.7,64.8,3,0,49.64
54.8,71,3,0,46.59
52.7,78.6,4,1,60.72
72.5,63,4,1,58.01
49.5,50.8,4,0,55.13
54.8,79.2,4,1,53.84
51.3,74.8,3,0,52.3
46.7,60.8,3,1,45.58
62.8,91,3,1,70.94
57.5,64.6,2,0,48.94
40.2,81.7,3,0,52.59
45.5,56.7,3,1,43
53.6,80.9,3,0,63.43
55.9,76.7,5,1,49.22
57,68.1,5,1,53.89
48.6,56.5,5,0,43.88
38.8,55.3,3,0,43
47,57.4,3,1,54.39
42.8,99.6,4,0,59.02
62.4,40.6,3,1,48.85
43.9,69.9,3,1,52.14
46.6,61.1,5,0,39.98
44.1,68.7,5,0,51.63
41.5,92.8,4,1,60.93
48.3,45.4,4,0,42.1
52.5,66.3,3,1,51.62
61.7,72,4,1,54.42
44.3,60.2,3,0,45.67
54.7,49.1,5,1,40.33
26.6,106.7,3,1,50.92
56.1,79.5,2,1,60.68
45.1,77.6,4,1,55.62
41.7,75.5,1,0,44.11
40.1,85.4,3,1,63.27
51.7,55.1,3,1,50.84
44.5,70.1,4,0,50.35
56.9,75.6,3,1,59.51
64.6,94.5,3,0,59.42
46.4,65.2,5,0,44.26
52.4,38.6,4,0,39.67
44.6,67.1,5,1,61.67
47.6,62.7,4,1,46.82
41.3,52.5,4,0,55.2
62.1,67.6,4,0,43.64
56.3,84.4,1,1,64.51
55.1,86.5,2,1,64.07
60.9,64.4,3,0,54.67
46.1,42.4,5,1,47.66
44.7,32.1,3,0,44.64
50.6,78.1,5,1,60.28
65.1,64,5,1,46.09
66.2,63.1,3,1,57.96
49,93.5,4,1,64.83
33,93.6,5,1,59.15
45.4,80.6,4,0,53.99
54.9,55.1,3,1,43.37
42.6,47.6,3,0,44.68
43.7,64.6,4,0,47.75
53.4,46.7,3,1,37
54.1,64.2,3,1,44.51
52.4,77.7,3,1,55.07
47.1,74.2,2,1,57.17
64.1,78.1,2,0,56.61
51.4,83.8,5,1,59.51
66.5,85.3,1,0,60.65
29.7,71.8,4,0,51.24
62.1,41.5,1,1,53.34
55.8,74.4,2,0,57.27
40.2,60.3,5,0,50.48
46.4,40.7,4,1,46.85
56.4,63.3,4,1,48.01
58.6,55.9,4,1,49.1
57.6,64.5,5,1,55.65
58.4,67.9,5,0,58.58
43.8,77.4,3,0,53.9
56.8,60.4,4,1,57.99
38.8,71.7,2,0,39.88
63.3,62.9,5,0,43.66
39.2,75.4,1,0,45.22
53.6,51.1,5,1,62.45
50.1,71.5,3,1,48.89
40.3,71,5,0,56.61
38.3,60.3,3,1,40.94
63.1,62.5,4,0,47.99
68.3,43.3,3,1,52.57
54.1,75,4,1,46.44
48.4,90.1,3,1,55.68
58.5,72.8,1,1,53.56
32.2,78.3,2,0,41
67.2,108.4,4,1,76.45
55.1,82.7,4,0,61.89
57.2,51.9,5,1,50.7
51.4,75.8,3,1,57.06
63.3,75,3,1,58.52
52.6,60.8,2,1,53.32
49.9,64.1,5,0,56.93
47.1,48.7,2,0,46.56
57.2,77.3,5,1,58.13
59.9,74.7,3,1,53.2
48.3,77.7,2,1,55.3
56.4,50.9,4,0,51.88
31.4,55.4,3,0,39.12
52.1,69.2,4,1,55.12
39.3,72.4,4,0,48.8
28.6,74.9,4,1,48.41
30.1,32.3,4,1,39.51
38.4,56.5,3,0,41.15
45.1,79.3,5,0,50.86
36.3,75.9,3,1,43.99
68.3,75,3,1,52.54
65.9,87.9,3,1,64.94
57.2,94.7,5,1,61.68
38,71.4,5,1,55.57
54.6,66.2,2,0,51.94
63.2,58.9,3,1,57.92
64.7,58.8,3,1,51.35
49,78.5,4,1,55.75
40,83.3,4,0,52.46
43.3,77.6,1,1,44.98
23.9,81.7,3,0,54.36
39,70.6,4,1,45.94
53.5,79.8,3,0,59.04
44,76.8,3,0,59.75
28.6,68.7,3,0,49.55
42.8,76.7,3,0,55.58
48.8,61.7,3,0,42.14
46.4,47.5,4,1,48.8
54.5,54.4,2,0,45.71
52.9,103.9,4,1,68.94
34.9,86.7,4,0,59.48
50.9,64.3,1,1,56.66
63.8,40.4,4,0,57.52
51.3,72.3,4,0,58.43
55.2,57.5,4,0,54.46
56.6,93.7,4,0,58.28
55.8,95.4,2,0,52.99
30.7,55.9,3,0,39.66
49.7,53.8,4,0,43.05
50.7,75.5,3,0,62.19
47.5,65.3,4,1,46.58
57.9,72.2,4,0,52.42
60.8,50.9,5,1,48.38
33,75.6,4,1,49.99
38.8,74.8,4,1,51.05
45.7,79.7,4,0,56.69
44.7,90.5,5,0,55.71
71.3,33.7,3,1,44.16
28.5,95.2,4,1,63.34
51.3,70.3,5,1,49.52
43.9,108.7,5,1,59.69
42.7,98.9,4,0,55.19
60.2,80.5,4,0,64.78
47.2,75.6,4,0,47.35
46.4,78.5,3,1,44.68
58.7,83.6,4,1,57.83
26.6,51.5,4,0,48.76
45.6,79.3,4,1,52.79
56.3,73.8,4,1,61.43
68.2,67.1,5,1,59.42
61.8,79.9,5,0,58.12
53.4,82.1,3,1,48.31
65.7,46.1,4,1,41.1
60.1,55.2,4,1,54.69
68.7,58.1,3,1,57.38
58.2,74.4,3,1,70.32
42.8,64.9,3,1,52.04
61.8,58.6,5,0,49.76
54,78.7,4,1,52.94
